_id,id,first_name,last_name,nickname,email,password
65a26c8465979d6444c410c8,1,Batsheva,Kroch,bkroch0,bkroch0@mapy.cz,eD8`P25*%|
65a26c8465979d6444c410c9,2,Kirk,Tomini,ktomini1,ktomini1@icio.us,gZ9%OO*!(#
65a26c8465979d6444c410ca,3,Donovan,Stein,dstein2,dstein2@phoca.cz,kI1$G3b6bdHbSpA
65a26c8465979d6444c410cb,4,Michel,Limeburner,mlimeburner3,mlimeburner3@europa.eu,cC6=eD'{
65a26c8465979d6444c410cc,5,Jena,Richold,jrichold4,jrichold4@harvard.edu,bZ7@Ka9T
65a26c8465979d6444c410cd,6,Mariana,Gilley,mgilley5,mgilley5@tinypic.com,sD0'vE|t
65a26c8465979d6444c410ce,7,Averell,Velez,avelez6,avelez6@cbsnews.com,rJ8\QeH1MwGPud
65a26c8465979d6444c410cf,8,Chlo,Mersey,cmersey7,cmersey7@cnbc.com,"gG0|.G==FV,"
65a26c8465979d6444c410d0,9,Marlene,Penhaleurack,mpenhaleurack8,mpenhaleurack8@naver.com,"fW1/Es1q#Z4"""
65a26c8465979d6444c410d1,10,Charlton,Buttel,cbuttel9,cbuttel9@aboutads.info,lL4%a'dvL{Y
65a26c8465979d6444c410d2,11,Cullie,Reinert,creinerta,creinerta@aol.com,zD4_26Ox
65a26c8465979d6444c410d3,12,Tailor,Pigeram,tpigeramb,tpigeramb@ovh.net,pC8\3Pap1Psi|S
65a26c8465979d6444c410d4,13,Brantley,Mortimer,bmortimerc,bmortimerc@npr.org,"qK0,zk8OT@`i%"
65a26c8465979d6444c410d5,14,Carling,Szreter,cszreterd,cszreterd@instagram.com,"gF6*..FdV7,Y4?rS"
65a26c8465979d6444c410d6,15,Windham,Davidovic,wdavidovice,wdavidovice@soundcloud.com,yR1+RirV620e4
65a26c8465979d6444c410d7,16,Jeannie,Perrott,jperrottf,jperrottf@cbc.ca,"jM8""Th,#"
65a26c8465979d6444c410d8,17,Corrine,Guesford,cguesfordg,cguesfordg@cbslocal.com,rO0#O?mgS$sl*!
65a26c8465979d6444c410d9,18,Demetra,Toffaloni,dtoffalonih,dtoffalonih@howstuffworks.com,dI4'_O{I
65a26c8465979d6444c410da,19,Daphna,Bricknell,dbricknelli,dbricknelli@theatlantic.com,"bC2,7*7#KcOCSP"
65a26c8465979d6444c410db,20,Ferdie,Windross,fwindrossj,fwindrossj@mac.com,kB4}`fsZTTQ
65a26c8465979d6444c410dc,21,Maia,Tacon,mtaconk,mtaconk@gizmodo.com,"sW9""lpHQ=Q<Zz3"
65a26c8465979d6444c410dd,22,Kermie,De Simone,kdesimonel,kdesimonel@sogou.com,sX9~d&z*'1\ZRF'
65a26c8465979d6444c410de,23,Ania,Meaton,ameatonm,ameatonm@1688.com,jY9>J7G={$E~8
65a26c8465979d6444c410df,24,Rasia,Haresign,rharesignn,rharesignn@hao123.com,yT8)zq!6kA3i8
65a26c8465979d6444c410e0,25,Fabiano,Jerratsch,fjerratscho,fjerratscho@examiner.com,pG4&b.%EPYx
65a26c8465979d6444c410e1,26,Phillis,Lacroix,placroixp,placroixp@theglobeandmail.com,aI6@)LK+>+JMe%Y
65a26c8465979d6444c410e2,27,Thadeus,Newns,tnewnsq,tnewnsq@furl.net,rG2)'Z+j
65a26c8465979d6444c410e3,28,Goldarina,Bagshawe,gbagshawer,gbagshawer@arstechnica.com,rS4@*?MT|
65a26c8465979d6444c410e4,29,Christoffer,Golsthorp,cgolsthorps,cgolsthorps@admin.ch,eF6'b8<Ath
65a26c8465979d6444c410e5,30,Philbert,Shillinglaw,pshillinglawt,pshillinglawt@sourceforge.net,"hR1""o*.88(D7<"
65a26c8465979d6444c410e6,31,Carlye,Pilpovic,cpilpovicu,cpilpovicu@photobucket.com,"kG3?W97,O%E{k`"
65a26c8465979d6444c410e7,32,Cirstoforo,Labba,clabbav,clabbav@wikipedia.org,qL8(}(Q?#dm
65a26c8465979d6444c410e8,33,Barri,McTerrelly,bmcterrellyw,bmcterrellyw@bloomberg.com,fN6/dU0gCzTY
65a26c8465979d6444c410e9,34,Hyacintha,Kunisch,hkunischx,hkunischx@examiner.com,kN0<JaJz0O6c
65a26c8465979d6444c410ea,35,Reuben,Scholig,rscholigy,rscholigy@baidu.com,hU6//gu/g*K'
65a26c8465979d6444c410eb,36,Washington,Harrisson,wharrissonz,wharrissonz@etsy.com,"rB1{,4U`njX"
65a26c8465979d6444c410ec,37,Rafe,Appleton,rappleton10,rappleton10@cnbc.com,kN7_2#?s
65a26c8465979d6444c410ed,38,Cam,Zelner,czelner11,czelner11@hugedomains.com,xO3&z7~&t|2T
65a26c8465979d6444c410ee,39,Freddie,Liptrod,fliptrod12,fliptrod12@usatoday.com,gI4}.EoGyJ(F
65a26c8465979d6444c410ef,40,Shannon,Rameau,srameau13,srameau13@multiply.com,"nK3'kr,4$"
65a26c8465979d6444c410f0,41,Holly-anne,Odo,hodo14,hodo14@multiply.com,"dP8*2O,j/\Eh"
65a26c8465979d6444c410f1,42,Cristy,Esposita,cesposita15,cesposita15@scientificamerican.com,rI7)(QiP%5Pi)k#
65a26c8465979d6444c410f2,43,Gery,Rigeby,grigeby16,grigeby16@blogger.com,yM3$js>p2Qs
65a26c8465979d6444c410f3,44,Filippo,Sawtell,fsawtell17,fsawtell17@webmd.com,nA7`t*GQ
65a26c8465979d6444c410f4,45,Derk,Regnard,dregnard18,dregnard18@samsung.com,"vA8=5<N,j"
65a26c8465979d6444c410f5,46,Marji,Brockelsby,mbrockelsby19,mbrockelsby19@eepurl.com,"fI4,55tap)1"
65a26c8465979d6444c410f6,47,Zared,McCready,zmccready1a,zmccready1a@delicious.com,"tJ0,yz?caTp7?WjQ"
65a26c8465979d6444c410f7,48,Ebony,Goggan,egoggan1b,egoggan1b@yahoo.co.jp,sY9)6q/0
65a26c8465979d6444c410f8,49,Claiborn,Keeney,ckeeney1c,ckeeney1c@wikia.com,"hX3!$CS5/,EDIIM"
65a26c8465979d6444c410f9,50,Pinchas,Jordison,pjordison1d,pjordison1d@clickbank.net,uJ8{m{q/e
65a26c8465979d6444c410fa,51,Vonnie,Jozef,vjozef1e,vjozef1e@umich.edu,gZ4$(i#vf
65a26c8465979d6444c410fb,52,Thorstein,Venturoli,tventuroli1f,tventuroli1f@yolasite.com,nX4(<)ejaVGnA0=
65a26c8465979d6444c410fc,53,Humfrid,Godard,hgodard1g,hgodard1g@sourceforge.net,iC9>Gk=DE<661
65a26c8465979d6444c410fd,54,Kylen,Commusso,kcommusso1h,kcommusso1h@studiopress.com,dG0.j/HK
65a26c8465979d6444c410fe,55,Mathian,Banfield,mbanfield1i,mbanfield1i@printfriendly.com,mW4{q/RWQa#K.s*I
65a26c8465979d6444c410ff,56,Modestia,Moughton,mmoughton1j,mmoughton1j@vistaprint.com,"jB3#T8Xd$,)6uv"
65a26c8465979d6444c41100,57,Dalia,Duley,dduley1k,dduley1k@hao123.com,tI4$SPr9FqRAYc
65a26c8465979d6444c41101,58,Rosita,McCartney,rmccartney1l,rmccartney1l@liveinternet.ru,jR7~RqidDcn1uwsG
65a26c8465979d6444c41102,59,Crystie,Andriessen,candriessen1m,candriessen1m@dyndns.org,uW7&'@_0oyc5oS
65a26c8465979d6444c41103,60,Delainey,Fuchs,dfuchs1n,dfuchs1n@51.la,wS7!X+U)7>
65a26c8465979d6444c41104,61,Florian,Leafe,fleafe1o,fleafe1o@china.com.cn,wC9||XG#7
65a26c8465979d6444c41105,62,Jolee,Wraight,jwraight1p,jwraight1p@de.vu,lH1}O(A&Mo'u#'|
65a26c8465979d6444c41106,63,Georgette,Wellbank,gwellbank1q,gwellbank1q@cnn.com,sU7{$ixipN$#Y}=
65a26c8465979d6444c41107,64,Marlo,Stife,mstife1r,mstife1r@timesonline.co.uk,"sI0,P=vQg$L"
65a26c8465979d6444c41108,65,Warde,Ayrs,wayrs1s,wayrs1s@archive.org,"zW7#@X+QJGVCd"""
65a26c8465979d6444c41109,66,Rolf,Millar,rmillar1t,rmillar1t@chicagotribune.com,"xH9(q.eC\h""nhp"
65a26c8465979d6444c4110a,67,Gwendolin,Faichnie,gfaichnie1u,gfaichnie1u@technorati.com,"nZ7|,'9w5r587"
65a26c8465979d6444c4110b,68,Dorian,Rennox,drennox1v,drennox1v@twitpic.com,"xM8?)N$MTq"""
65a26c8465979d6444c4110c,69,Dianemarie,Clemerson,dclemerson1w,dclemerson1w@free.fr,hQ5((3+ZPB/
65a26c8465979d6444c4110d,70,Kelby,Braam,kbraam1x,kbraam1x@hexun.com,zA1@cQs6*&Siej
65a26c8465979d6444c4110e,71,Ferne,Bambra,fbambra1y,fbambra1y@alexa.com,oF2#R@+j>$!!OlXi
65a26c8465979d6444c4110f,72,Stillman,Swetenham,sswetenham1z,sswetenham1z@hhs.gov,"rO3""Oc2bv"
65a26c8465979d6444c41110,73,Pancho,Asch,pasch20,pasch20@dropbox.com,sS9=fZ*B
65a26c8465979d6444c41111,74,Gratiana,Clulee,gclulee21,gclulee21@digg.com,tW3?&%fH\C?exl
65a26c8465979d6444c41112,75,Merrili,Duggleby,mduggleby22,mduggleby22@linkedin.com,cD3`8MjlD?!Kv/PZ
65a26c8465979d6444c41113,76,Calida,Childe,cchilde23,cchilde23@yandex.ru,hC9`hWz5iBU`@d
65a26c8465979d6444c41114,77,Kayla,Dragoe,kdragoe24,kdragoe24@cbsnews.com,hF4=a.qz
65a26c8465979d6444c41115,78,Rozina,Tong,rtong25,rtong25@ed.gov,hQ3`+DEnWakxT9n'
65a26c8465979d6444c41116,79,Phaidra,Holbarrow,pholbarrow26,pholbarrow26@dion.ne.jp,zR0~ZI$mToE(>
65a26c8465979d6444c41117,80,Farly,Pepin,fpepin27,fpepin27@ucoz.com,aR7}2/k5_8
65a26c8465979d6444c41118,81,Suzanne,Domengue,sdomengue28,sdomengue28@chicagotribune.com,sA8=>Sn2
65a26c8465979d6444c41119,82,Anatola,Gash,agash29,agash29@blogger.com,hR2(4Tbho7!+W$m
65a26c8465979d6444c4111a,83,Ivory,Kidgell,ikidgell2a,ikidgell2a@google.es,dR3=\~$|<
65a26c8465979d6444c4111b,84,Dana,De Lascy,ddelascy2b,ddelascy2b@sourceforge.net,jA3<_%Lt\
65a26c8465979d6444c4111c,85,Evey,Bernocchi,ebernocchi2c,ebernocchi2c@twitpic.com,"mO4,_xIDy"
65a26c8465979d6444c4111d,86,Leone,Askaw,laskaw2d,laskaw2d@examiner.com,wB2<#%Z9O3O99=F
65a26c8465979d6444c4111e,87,Mahmud,Cotterel,mcotterel2e,mcotterel2e@utexas.edu,zT2=(&*9V
65a26c8465979d6444c4111f,88,Leigh,Grimsdyke,lgrimsdyke2f,lgrimsdyke2f@rediff.com,jB4(/e'>4dvLzPV
65a26c8465979d6444c41120,89,Margarette,Koene,mkoene2g,mkoene2g@xing.com,aK0'gz)?HvMDN9
65a26c8465979d6444c41121,90,Sheff,Hilland,shilland2h,shilland2h@usatoday.com,oQ0)~?\.9%7
65a26c8465979d6444c41122,91,Janis,Critcher,jcritcher2i,jcritcher2i@walmart.com,fV2!si'Iua
65a26c8465979d6444c41123,92,Gracie,Sukbhans,gsukbhans2j,gsukbhans2j@bigcartel.com,"mZ0.4'7yp!_l',z"
65a26c8465979d6444c41124,93,Evania,Albin,ealbin2k,ealbin2k@infoseek.co.jp,mA7|a{$#=2S8)Y+
65a26c8465979d6444c41125,94,Blanche,Dowbiggin,bdowbiggin2l,bdowbiggin2l@hexun.com,mU8%FMlE+.1kwg
65a26c8465979d6444c41126,95,Alf,Halso,ahalso2m,ahalso2m@indiatimes.com,bK3'T%\N.\'0
65a26c8465979d6444c41127,96,Oona,Sharrard,osharrard2n,osharrard2n@instagram.com,fN1%)O|o'JajQ_7f
65a26c8465979d6444c41128,97,Danny,Pinkard,dpinkard2o,dpinkard2o@cnn.com,wN5}UOCo3d
65a26c8465979d6444c41129,98,Heall,Dilworth,hdilworth2p,hdilworth2p@google.pl,jG8`|S&gxxvM7/jN
65a26c8465979d6444c4112a,99,Casar,Branch,cbranch2q,cbranch2q@fotki.com,fW9*AnCAB==#
65a26c8465979d6444c4112b,100,Valle,Worlock,vworlock2r,vworlock2r@sbwire.com,tG4>EDr|!V.g3D
65a26c8465979d6444c4112c,101,Marianna,Joinson,mjoinson2s,mjoinson2s@mashable.com,wE3\VS%{@8'aG
65a26c8465979d6444c4112d,102,Janeva,Pilmer,jpilmer2t,jpilmer2t@yahoo.com,nB7%j?mj9@~%F
65a26c8465979d6444c4112e,103,Allyce,Standish-Brooks,astandishbrooks2u,astandishbrooks2u@discovery.com,"iG2=\ll4&\%5qL""U"
65a26c8465979d6444c4112f,104,Tish,Mullins,tmullins2v,tmullins2v@usda.gov,fS6`TJ6H1C@L$
65a26c8465979d6444c41130,105,Frederik,Hasney,fhasney2w,fhasney2w@europa.eu,vS0`V@T\ns~>
65a26c8465979d6444c41131,106,Alfy,Spriggen,aspriggen2x,aspriggen2x@wikispaces.com,kK6**W$Wm<78
65a26c8465979d6444c41132,107,Christen,Gascone,cgascone2y,cgascone2y@howstuffworks.com,aA2{1sDxM
65a26c8465979d6444c41133,108,Anastassia,MacIlraith,amacilraith2z,amacilraith2z@clickbank.net,cS5@@PqWc!
65a26c8465979d6444c41134,109,Alisa,Boissier,aboissier30,aboissier30@behance.net,"iZ6{3erL5#"""
65a26c8465979d6444c41135,110,Cesare,Harry,charry31,charry31@topsy.com,qQ1+Tg1xV+
65a26c8465979d6444c41136,111,Vivian,Rubenovic,vrubenovic32,vrubenovic32@xrea.com,uQ7>Cv7.t!
65a26c8465979d6444c41137,112,Christoper,Tulleth,ctulleth33,ctulleth33@woothemes.com,"vR9*,a?Nm!/#5("
65a26c8465979d6444c41138,113,Sayres,Bawdon,sbawdon34,sbawdon34@mapquest.com,uC0&kivFqaHQgyL
65a26c8465979d6444c41139,114,Jonas,Strettle,jstrettle35,jstrettle35@google.es,iB6)'\KSDjAU
65a26c8465979d6444c4113a,115,Leonerd,Makey,lmakey36,lmakey36@patch.com,bI9<'I1CHP4(rU
65a26c8465979d6444c4113b,116,Elbertina,Trodler,etrodler37,etrodler37@abc.net.au,kU6?1kPemr@_E
65a26c8465979d6444c4113c,117,Gates,Risso,grisso38,grisso38@hc360.com,"lS8+/+sS""w9"
65a26c8465979d6444c4113d,118,Ruggiero,Godridge,rgodridge39,rgodridge39@goo.ne.jp,lS8?cH/&to#Ew{
65a26c8465979d6444c4113e,119,Mikkel,Dwerryhouse,mdwerryhouse3a,mdwerryhouse3a@squarespace.com,lF6(zmMQV3jZ6H
65a26c8465979d6444c4113f,120,Marge,Hurle,mhurle3b,mhurle3b@cbc.ca,cQ6_kf6DO
65a26c8465979d6444c41140,121,Gardiner,Le Noire,glenoire3c,glenoire3c@google.com.br,uE4&>=Eg
65a26c8465979d6444c41141,122,Ritchie,Gowling,rgowling3d,rgowling3d@virginia.edu,uK8.<O2.W$54ug
65a26c8465979d6444c41142,123,Jessey,Gash,jgash3e,jgash3e@google.de,"wF9`Iec~aE,d4&ha"
65a26c8465979d6444c41143,124,Ravi,Lunt,rlunt3f,rlunt3f@linkedin.com,rW8`e$UOB.=_=ev
65a26c8465979d6444c41144,125,Aubert,Supple,asupple3g,asupple3g@bandcamp.com,wY0?\/zCM?Fi=hz
65a26c8465979d6444c41145,126,Baron,Catto,bcatto3h,bcatto3h@w3.org,yU1'IlU!rs}K3E(0
65a26c8465979d6444c41146,127,Andrea,Lodin,alodin3i,alodin3i@a8.net,oU8{2LBvT~}@
65a26c8465979d6444c41147,128,Tomasine,Salla,tsalla3j,tsalla3j@usgs.gov,"uC1+<L>Uw,K0"
65a26c8465979d6444c41148,129,Laurice,Laity,llaity3k,llaity3k@gnu.org,dM2>rUPK){~.W
65a26c8465979d6444c41149,130,Lezley,Youll,lyoull3l,lyoull3l@twitter.com,"bN0,(fJD?=#2"
65a26c8465979d6444c4114a,131,Currie,Itscowicz,citscowicz3m,citscowicz3m@amazon.com,rV9<`acc
65a26c8465979d6444c4114b,132,Pattie,Filipponi,pfilipponi3n,pfilipponi3n@google.pl,lJ9|>BkXHanz9
65a26c8465979d6444c4114c,133,Pedro,Vasilechko,pvasilechko3o,pvasilechko3o@cloudflare.com,hJ6?`VFc
65a26c8465979d6444c4114d,134,Mei,Finch,mfinch3p,mfinch3p@taobao.com,mP7&SbJ!_
65a26c8465979d6444c4114e,135,Patty,Swansbury,pswansbury3q,pswansbury3q@yolasite.com,uY5?L>kpInAog
65a26c8465979d6444c4114f,136,Coletta,Tunnoch,ctunnoch3r,ctunnoch3r@unc.edu,tZ0*e(%F\pL
65a26c8465979d6444c41150,137,Issiah,Matevosian,imatevosian3s,imatevosian3s@geocities.com,aQ6&b<&xOKc$)Ge
65a26c8465979d6444c41151,138,Moishe,Pepineaux,mpepineaux3t,mpepineaux3t@latimes.com,jK1.Y5#_sTnY
65a26c8465979d6444c41152,139,Buck,Chantler,bchantler3u,bchantler3u@ezinearticles.com,mD0=Y\75/P'5H
65a26c8465979d6444c41153,140,Dennet,Larmour,dlarmour3v,dlarmour3v@techcrunch.com,uG2~1l{(8s!C\
65a26c8465979d6444c41154,141,Shani,Buggs,sbuggs3w,sbuggs3w@g.co,wA3(jSxpRgiKEZ{
65a26c8465979d6444c41155,142,Ardelia,McKelvey,amckelvey3x,amckelvey3x@umich.edu,pB6(i6poW7D
65a26c8465979d6444c41156,143,Melany,Dudbridge,mdudbridge3y,mdudbridge3y@java.com,zL9)KpBnl6!\
65a26c8465979d6444c41157,144,Josefina,Jennison,jjennison3z,jjennison3z@nifty.com,pG1$P1vWtW#I=9XW
65a26c8465979d6444c41158,145,Verney,McCome,vmccome40,vmccome40@spotify.com,wT3`x0C$
65a26c8465979d6444c41159,146,Myrtie,Schirok,mschirok41,mschirok41@freewebs.com,zI4@f$IK#tleTa
65a26c8465979d6444c4115a,147,Quent,Yourell,qyourell42,qyourell42@buzzfeed.com,rP5*EH~R
65a26c8465979d6444c4115b,148,Georas,Jovis,gjovis43,gjovis43@wordpress.org,nX3?\vDM`qGI3rJ
65a26c8465979d6444c4115c,149,Elena,Wittier,ewittier44,ewittier44@myspace.com,rF6&HC9}H3k7R&+
65a26c8465979d6444c4115d,150,Terrell,Buffin,tbuffin45,tbuffin45@statcounter.com,dG1@v01?v1'Y
65a26c8465979d6444c4115e,151,Drusy,Bohey,dbohey46,dbohey46@independent.co.uk,qD4/4U1T
65a26c8465979d6444c4115f,152,Windham,Sandiland,wsandiland47,wsandiland47@tinypic.com,xD4\7Abo4T'W#>
65a26c8465979d6444c41160,153,Aylmer,Ellick,aellick48,aellick48@tiny.cc,rD9@34C>~k6fB}%M
65a26c8465979d6444c41161,154,Salvidor,Wheway,swheway49,swheway49@nyu.edu,eR0%>Rw008
65a26c8465979d6444c41162,155,Ezechiel,Jacop,ejacop4a,ejacop4a@example.com,"uY0#dB(,<En~j$a#"
65a26c8465979d6444c41163,156,Artie,Seppey,aseppey4b,aseppey4b@jalbum.net,"qK4+,`""3gA"
65a26c8465979d6444c41164,157,Eleanor,Al Hirsi,ealhirsi4c,ealhirsi4c@huffingtonpost.com,aJ3|7Rc@S{eG
65a26c8465979d6444c41165,158,Giustina,Pinch,gpinch4d,gpinch4d@amazon.co.uk,aP8>D6/m
65a26c8465979d6444c41166,159,Leona,Cardozo,lcardozo4e,lcardozo4e@themeforest.net,"vJ0""n,|6{8CI%Z"
65a26c8465979d6444c41167,160,Lulu,Sherred,lsherred4f,lsherred4f@zdnet.com,"vA9`Z}HPH,"
65a26c8465979d6444c41168,161,Miles,Hartop,mhartop4g,mhartop4g@taobao.com,jC4!?T16G_\3z
65a26c8465979d6444c41169,162,Kori,Brickner,kbrickner4h,kbrickner4h@ox.ac.uk,uX3+o)Sr
65a26c8465979d6444c4116a,163,Maritsa,Jereatt,mjereatt4i,mjereatt4i@sfgate.com,nL5{QeHk=yc@ok?
65a26c8465979d6444c4116b,164,Othella,Smead,osmead4j,osmead4j@bloomberg.com,oI2=7v#f1h($eP
65a26c8465979d6444c4116c,165,Leodora,Rigard,lrigard4k,lrigard4k@cargocollective.com,kM5{g5z?xl|D#$v<
65a26c8465979d6444c4116d,166,Natala,Woolfall,nwoolfall4l,nwoolfall4l@sciencedirect.com,"qE8+GfvE7=0,`Xo"
65a26c8465979d6444c4116e,167,Maye,Laxston,mlaxston4m,mlaxston4m@photobucket.com,jG6&2~\Vmb%_
65a26c8465979d6444c4116f,168,Arnoldo,Verden,averden4n,averden4n@mapquest.com,"hZ6""jaV1LEW/`qak"
65a26c8465979d6444c41170,169,Bjorn,Bunson,bbunson4o,bbunson4o@hugedomains.com,gV1*Odfwa8vrW_}
65a26c8465979d6444c41171,170,Dedra,Scheffler,dscheffler4p,dscheffler4p@cyberchimps.com,eU9{>vi)Sov1x
65a26c8465979d6444c41172,171,Rudd,Willingale,rwillingale4q,rwillingale4q@istockphoto.com,bJ0'}/aR'{2.L
65a26c8465979d6444c41173,172,Gauthier,Ellison,gellison4r,gellison4r@ning.com,nE0@XVj@AC`h>
65a26c8465979d6444c41174,173,Erwin,Igglesden,eigglesden4s,eigglesden4s@so-net.ne.jp,cR0!QM7U=e>kht
65a26c8465979d6444c41175,174,Les,Sailor,lsailor4t,lsailor4t@goodreads.com,jJ6(\XfybV~a
65a26c8465979d6444c41176,175,Gerry,Pallent,gpallent4u,gpallent4u@themeforest.net,kZ0$W!=ci!
65a26c8465979d6444c41177,176,Cher,Raigatt,craigatt4v,craigatt4v@elegantthemes.com,zQ5'V{$#c@D
65a26c8465979d6444c41178,177,Sofie,Vossgen,svossgen4w,svossgen4w@ovh.net,qC2*CWsksem~!
65a26c8465979d6444c41179,178,Susan,Stinton,sstinton4x,sstinton4x@instagram.com,dA3+6K!oyY}\
65a26c8465979d6444c4117a,179,Mauricio,Leahair,mleahair4y,mleahair4y@paginegialle.it,hJ5{V|}CP0<$hO/W
65a26c8465979d6444c4117b,180,Catarina,Waggitt,cwaggitt4z,cwaggitt4z@ihg.com,pS4~P+%dH3I
65a26c8465979d6444c4117c,181,Jacki,Le Merchant,jlemerchant50,jlemerchant50@seattletimes.com,bF2~mgM\0TSNqU'
65a26c8465979d6444c4117d,182,Del,Meriton,dmeriton51,dmeriton51@merriam-webster.com,tU9&'bX?r+
65a26c8465979d6444c4117e,183,Howard,Barkus,hbarkus52,hbarkus52@wikispaces.com,"uD6,nE5"""
65a26c8465979d6444c4117f,184,Madelyn,Dunthorne,mdunthorne53,mdunthorne53@skype.com,bO7/)&RI_<
65a26c8465979d6444c41180,185,Cyndi,Alyutin,calyutin54,calyutin54@ycombinator.com,"nG0+vd|t,ac\Z"
65a26c8465979d6444c41181,186,Kendall,Mandifield,kmandifield55,kmandifield55@behance.net,zK5}y6lo>L
65a26c8465979d6444c41182,187,Suzy,Matusson,smatusson56,smatusson56@aboutads.info,jO5'n916RhE
65a26c8465979d6444c41183,188,Stafani,Dagwell,sdagwell57,sdagwell57@twitpic.com,"zK6$/aJuQ,6oTX"
65a26c8465979d6444c41184,189,Jody,Tames,jtames58,jtames58@house.gov,mO1+hapzM}`$~y
65a26c8465979d6444c41185,190,Bethena,Southerell,bsoutherell59,bsoutherell59@who.int,"lX9@8},p\Jw"
65a26c8465979d6444c41186,191,Sibley,Roggers,sroggers5a,sroggers5a@lycos.com,"uF3$sNPb{Y,Y+J%"
65a26c8465979d6444c41187,192,Jackquelin,Taffs,jtaffs5b,jtaffs5b@tinyurl.com,lU3<CEhc
65a26c8465979d6444c41188,193,Vincenz,Leyshon,vleyshon5c,vleyshon5c@mac.com,uG5`slK${W?sPs
65a26c8465979d6444c41189,194,Chrisse,Kleinmintz,ckleinmintz5d,ckleinmintz5d@nhs.uk,gK9#iH_f1JB#=nxM
65a26c8465979d6444c4118a,195,Jaquenetta,Hendin,jhendin5e,jhendin5e@hubpages.com,oI6{RUj=nmrFMQ
65a26c8465979d6444c4118b,196,Lori,Antecki,lantecki5f,lantecki5f@newyorker.com,iJ4~6tU0d7Tc3L}
65a26c8465979d6444c4118c,197,Dulcine,Rabbe,drabbe5g,drabbe5g@businessweek.com,"pN1/@"")G>UfA._F"
65a26c8465979d6444c4118d,198,Gordy,Derx,gderx5h,gderx5h@prnewswire.com,gN5>uamcm
65a26c8465979d6444c4118e,199,Kaitlyn,Eeles,keeles5i,keeles5i@multiply.com,oH6<@RVu%)j
65a26c8465979d6444c4118f,200,Magdalene,Durak,mdurak5j,mdurak5j@unc.edu,iP0@rhGy6
65a26c8465979d6444c41190,201,Staci,Crosby,scrosby5k,scrosby5k@tmall.com,eN6'F34CnR)/D(j
65a26c8465979d6444c41191,202,Carri,Simoneton,csimoneton5l,csimoneton5l@privacy.gov.au,mT2'?W\\/pb{
65a26c8465979d6444c41192,203,Melessa,Stoffel,mstoffel5m,mstoffel5m@oaic.gov.au,wM3`$RP~~'o
65a26c8465979d6444c41193,204,Rycca,Mathon,rmathon5n,rmathon5n@fc2.com,qK0%r/\=Isgd>16
65a26c8465979d6444c41194,205,Thekla,Tine,ttine5o,ttine5o@abc.net.au,qY6%+?D$9f>YXGr
65a26c8465979d6444c41195,206,Whitman,Gley,wgley5p,wgley5p@alibaba.com,"oJ6`*GB5tI,1"
65a26c8465979d6444c41196,207,Addi,Wintringham,awintringham5q,awintringham5q@usgs.gov,"qP7#=Tx0g?B,a"
65a26c8465979d6444c41197,208,Katerina,Tomeo,ktomeo5r,ktomeo5r@ocn.ne.jp,fU4)pVq@!Z
65a26c8465979d6444c41198,209,Martie,Farris,mfarris5s,mfarris5s@walmart.com,tH8%>VUN#'
65a26c8465979d6444c41199,210,Tucky,Donald,tdonald5t,tdonald5t@example.com,bN7$Z7gc%Z
65a26c8465979d6444c4119a,211,Bendick,Nosworthy,bnosworthy5u,bnosworthy5u@artisteer.com,hI4.d+J#
65a26c8465979d6444c4119b,212,Wilfred,Ferrettini,wferrettini5v,wferrettini5v@livejournal.com,iK3~oZ+S%Z.#Lu.v
65a26c8465979d6444c4119c,213,Jefferson,Dady,jdady5w,jdady5w@dailymail.co.uk,eF6`Ss'V}_/
65a26c8465979d6444c4119d,214,Sebastian,Skocroft,sskocroft5x,sskocroft5x@youku.com,rY3\Mc$`
65a26c8465979d6444c4119e,215,Jedediah,Blumfield,jblumfield5y,jblumfield5y@bigcartel.com,"xY0+\$rZ""dt="
65a26c8465979d6444c4119f,216,Gaylor,Arunowicz,garunowicz5z,garunowicz5z@furl.net,dQ7&rk9%P
65a26c8465979d6444c411a0,217,Amalie,Pietersma,apietersma60,apietersma60@yandex.ru,yB8`17'T+HI
65a26c8465979d6444c411a1,218,Otis,Rameaux,orameaux61,orameaux61@cornell.edu,"oR5>FT""f7%?"
65a26c8465979d6444c411a2,219,Ray,Lichfield,rlichfield62,rlichfield62@theguardian.com,nI3=q\`_RA~P
65a26c8465979d6444c411a3,220,Arabele,Byles,abyles63,abyles63@feedburner.com,rH2*tnN=pAd<~
65a26c8465979d6444c411a4,221,Engracia,Prothero,eprothero64,eprothero64@elpais.com,jE5!#OjcK0K
65a26c8465979d6444c411a5,222,Gilda,Hanning,ghanning65,ghanning65@gizmodo.com,dR2!W.y5C>oaCCh
65a26c8465979d6444c411a6,223,Florina,Welldrake,fwelldrake66,fwelldrake66@hud.gov,lD6)t`Dxfp
65a26c8465979d6444c411a7,224,Fraser,Giacomelli,fgiacomelli67,fgiacomelli67@alibaba.com,wT4|1fp?S?/Q
65a26c8465979d6444c411a8,225,Nesta,Carrivick,ncarrivick68,ncarrivick68@themeforest.net,eA2+Ix5@0CoS
65a26c8465979d6444c411a9,226,Ellyn,Cotta,ecotta69,ecotta69@google.es,"iL7&6bDViT,KG"
65a26c8465979d6444c411aa,227,Coleman,Mealand,cmealand6a,cmealand6a@spotify.com,hP1|.@j\vUsYU
65a26c8465979d6444c411ab,228,Carin,Skirvane,cskirvane6b,cskirvane6b@a8.net,"zE0""pUxW1|0?G"
65a26c8465979d6444c411ac,229,Northrup,Keene,nkeene6c,nkeene6c@oaic.gov.au,fH5@fo?W+7C
65a26c8465979d6444c411ad,230,Windham,Langthorne,wlangthorne6d,wlangthorne6d@topsy.com,wL8\4c~{@
65a26c8465979d6444c411ae,231,Jeramey,Poynton,jpoynton6e,jpoynton6e@technorati.com,tP6%3@b~9gK@0
65a26c8465979d6444c411af,232,Monty,Veart,mveart6f,mveart6f@about.com,"dP2,WKF5H"
65a26c8465979d6444c411b0,233,Gracie,Rosenberg,grosenberg6g,grosenberg6g@mapquest.com,aS2|D\v4&AMI5#
65a26c8465979d6444c411b1,234,Roxi,Auston,rauston6h,rauston6h@ucla.edu,sT6=5goSF0s7+aX
65a26c8465979d6444c411b2,235,Deane,Raynham,draynham6i,draynham6i@disqus.com,nA7\E90s@%2o8
65a26c8465979d6444c411b3,236,Cicily,Kimber,ckimber6j,ckimber6j@nba.com,uH3{M{#\%jSpT<#
65a26c8465979d6444c411b4,237,Coletta,Tripett,ctripett6k,ctripett6k@hud.gov,xS7~\dw`<R=pT
65a26c8465979d6444c411b5,238,Lula,Millett,lmillett6l,lmillett6l@ning.com,"mF1(S_""Ni=DL>"
65a26c8465979d6444c411b6,239,Persis,Goodby,pgoodby6m,pgoodby6m@furl.net,"yC1|7Pe|Z2,KCN+v"
65a26c8465979d6444c411b7,240,Oby,Charle,ocharle6n,ocharle6n@merriam-webster.com,gU5=rfj8qKUH6H
65a26c8465979d6444c411b8,241,Ignacio,Braven,ibraven6o,ibraven6o@wikia.com,"lX9,t9%c>"
65a26c8465979d6444c411b9,242,Elly,Fairbanks,efairbanks6p,efairbanks6p@photobucket.com,vJ4>38'V.YbH6!mJ
65a26c8465979d6444c411ba,243,Deana,Ducroe,dducroe6q,dducroe6q@mysql.com,iG7%u<3P8
65a26c8465979d6444c411bb,244,Kris,Fortie,kfortie6r,kfortie6r@homestead.com,mW6!pCX\+s8+l
65a26c8465979d6444c411bc,245,Ryan,Ferrelli,rferrelli6s,rferrelli6s@eventbrite.com,xC7$_|$MP`#~
65a26c8465979d6444c411bd,246,Austin,Simnett,asimnett6t,asimnett6t@chicagotribune.com,iF3'IAniVHhK
65a26c8465979d6444c411be,247,Joni,Rackstraw,jrackstraw6u,jrackstraw6u@clickbank.net,"dO2""lTnoR0I%"
65a26c8465979d6444c411bf,248,Godfry,Yarr,gyarr6v,gyarr6v@histats.com,oL0'2_jS*V
65a26c8465979d6444c411c0,249,Gabriella,Capeling,gcapeling6w,gcapeling6w@house.gov,zJ5(ZR5!i>
65a26c8465979d6444c411c1,250,Arabel,McDonogh,amcdonogh6x,amcdonogh6x@tinypic.com,"lG4=}_N!j<6$,<"
65a26c8465979d6444c411c2,251,Danell,Woodyeare,dwoodyeare6y,dwoodyeare6y@bbc.co.uk,gK6{B.Gb
65a26c8465979d6444c411c3,252,Olva,Hubery,ohubery6z,ohubery6z@phoca.cz,sX5*)6|3o~+MqL(M
65a26c8465979d6444c411c4,253,Joeann,Banting,jbanting70,jbanting70@bigcartel.com,qR9`s?|={CJCs
65a26c8465979d6444c411c5,254,Pamelina,Scuffham,pscuffham71,pscuffham71@ibm.com,"wV5@/k,="
65a26c8465979d6444c411c6,255,Randi,Gymblett,rgymblett72,rgymblett72@youku.com,pR5(>gU9p1\*SF
65a26c8465979d6444c411c7,256,Latrina,Hember,lhember73,lhember73@dot.gov,iE0{sa@Nj%BR3h
65a26c8465979d6444c411c8,257,Wright,Drewell,wdrewell74,wdrewell74@flavors.me,yL8.AnM|3C$ZGjY
65a26c8465979d6444c411c9,258,Jackie,Kropp,jkropp75,jkropp75@discovery.com,bY3'I50fjrZ_
65a26c8465979d6444c411ca,259,Sammy,Tissell,stissell76,stissell76@miitbeian.gov.cn,"rV1|_2,qLgP"
65a26c8465979d6444c411cb,260,Tootsie,Parfrey,tparfrey77,tparfrey77@mysql.com,uB1#%Ra{PIxi
65a26c8465979d6444c411cc,261,Gustaf,Maddrell,gmaddrell78,gmaddrell78@chicagotribune.com,"iV3(L>,L>R}"
65a26c8465979d6444c411cd,262,Lisbeth,Skydall,lskydall79,lskydall79@youtube.com,kN8'&ZA\$g
65a26c8465979d6444c411ce,263,Ceil,Spilsburie,cspilsburie7a,cspilsburie7a@google.co.jp,hF0(d(?s8bVDS
65a26c8465979d6444c411cf,264,Lilyan,Marciek,lmarciek7b,lmarciek7b@java.com,aS7)U'T1ihSAP
65a26c8465979d6444c411d0,265,Kassie,Giacoppo,kgiacoppo7c,kgiacoppo7c@uiuc.edu,kX9+T%s'a@
65a26c8465979d6444c411d1,266,Tades,Fenech,tfenech7d,tfenech7d@comcast.net,sG0>XA*3sOcR\L
65a26c8465979d6444c411d2,267,Cindie,Creasey,ccreasey7e,ccreasey7e@freewebs.com,"iP5>*r>u""h"
65a26c8465979d6444c411d3,268,Thomas,Heild,theild7f,theild7f@qq.com,fG5!!3F#bc&M`Q
65a26c8465979d6444c411d4,269,Emilie,Screach,escreach7g,escreach7g@un.org,"iE6.js,u""AM"
65a26c8465979d6444c411d5,270,Ivie,Natwick,inatwick7h,inatwick7h@wiley.com,wA8}v{XP9w<
65a26c8465979d6444c411d6,271,Roseline,Avory,ravory7i,ravory7i@princeton.edu,xG4)9t0OhwB\JHW5
65a26c8465979d6444c411d7,272,Chane,Wrightham,cwrightham7j,cwrightham7j@sciencedirect.com,xV5`dWBU
65a26c8465979d6444c411d8,273,Asa,Langmuir,alangmuir7k,alangmuir7k@mayoclinic.com,"nD8$G_#""n?d}mB#"
65a26c8465979d6444c411d9,274,Michele,Bayley,mbayley7l,mbayley7l@latimes.com,jT8|M@T&@
65a26c8465979d6444c411da,275,Marquita,Clappison,mclappison7m,mclappison7m@123-reg.co.uk,wH1*>@+N~U
65a26c8465979d6444c411db,276,Hillier,Scala,hscala7n,hscala7n@amazon.de,nM1%%MuDuaVPBs)
65a26c8465979d6444c411dc,277,Jilli,Carnson,jcarnson7o,jcarnson7o@dedecms.com,fU5}uPJ3l~WiX$
65a26c8465979d6444c411dd,278,Cornelle,Chivrall,cchivrall7p,cchivrall7p@dedecms.com,uJ7{#(T~/UxJa
65a26c8465979d6444c411de,279,Esther,Tarr,etarr7q,etarr7q@constantcontact.com,zB9?9r!fc=&$
65a26c8465979d6444c411df,280,Rosaleen,Gimeno,rgimeno7r,rgimeno7r@google.com.au,eF7*|M0*ld4_
65a26c8465979d6444c411e0,281,Silvie,Luckett,sluckett7s,sluckett7s@ebay.com,pU8}cO(/V<P7&ak
65a26c8465979d6444c411e1,282,Dagny,Thrush,dthrush7t,dthrush7t@about.me,"yU6=""w7B>T_N"
65a26c8465979d6444c411e2,283,Vallie,Geaney,vgeaney7u,vgeaney7u@timesonline.co.uk,nR4(ui?S=?8(D|
65a26c8465979d6444c411e3,284,Arlie,Bluschke,abluschke7v,abluschke7v@360.cn,wM2'+=~C
65a26c8465979d6444c411e4,285,Iorgo,Sinton,isinton7w,isinton7w@telegraph.co.uk,cC7.YNL%0Z
65a26c8465979d6444c411e5,286,Bond,Ibarra,bibarra7x,bibarra7x@abc.net.au,yY0.IyG~}e\XB
65a26c8465979d6444c411e6,287,Patricio,Crannis,pcrannis7y,pcrannis7y@discuz.net,nD7.=Cy5+GF
65a26c8465979d6444c411e7,288,Shawna,Joesbury,sjoesbury7z,sjoesbury7z@census.gov,"zB2{{HTcKK\HD,"
65a26c8465979d6444c411e8,289,Fae,Drable,fdrable80,fdrable80@google.com.br,lK6&UbA=%73
65a26c8465979d6444c411e9,290,Feliks,Makeswell,fmakeswell81,fmakeswell81@dmoz.org,iU3&k2kX+p
65a26c8465979d6444c411ea,291,Farra,Cartmael,fcartmael82,fcartmael82@ebay.co.uk,aZ3~$R@ENJ!g
65a26c8465979d6444c411eb,292,Mariejeanne,Edginton,medginton83,medginton83@nymag.com,oR6/7F?~_Nfc(
65a26c8465979d6444c411ec,293,Gonzales,McKall,gmckall84,gmckall84@trellian.com,lJ5@gX#N|OWI
65a26c8465979d6444c411ed,294,Dorolisa,Goodale,dgoodale85,dgoodale85@hp.com,"tN9}G,$*Q%N~|8"
65a26c8465979d6444c411ee,295,Eldon,Daldry,edaldry86,edaldry86@prlog.org,zW9(@Ku_ehWM`v
65a26c8465979d6444c411ef,296,Mariellen,Moggan,mmoggan87,mmoggan87@scientificamerican.com,sG2#T.srb@v
65a26c8465979d6444c411f0,297,Daffie,Minchella,dminchella88,dminchella88@dion.ne.jp,bY8|(`#nSA<t&
65a26c8465979d6444c411f1,298,Ola,Noyes,onoyes89,onoyes89@homestead.com,aC3.'{Lj
65a26c8465979d6444c411f2,299,Gussie,MacCardle,gmaccardle8a,gmaccardle8a@skyrock.com,hQ2&lxsM3GS
65a26c8465979d6444c411f3,300,Horst,Donke,hdonke8b,hdonke8b@wordpress.org,xY8|i20kllx
65a26c8465979d6444c411f4,301,Ella,MacCafferky,emaccafferky8c,emaccafferky8c@g.co,uI5$ACZhYLZfuP
65a26c8465979d6444c411f5,302,Paxon,Ceci,pceci8d,pceci8d@ucsd.edu,sT9~Z_fi
65a26c8465979d6444c411f6,303,Ramsay,Spinke,rspinke8e,rspinke8e@surveymonkey.com,"bM9`7>~%$c""Z"
65a26c8465979d6444c411f7,304,Ashlan,Lerway,alerway8f,alerway8f@theguardian.com,oL6+C)BOUsO91VQu
65a26c8465979d6444c411f8,305,Solly,McClunaghan,smcclunaghan8g,smcclunaghan8g@4shared.com,kT2<mYjrN$o
65a26c8465979d6444c411f9,306,L;urette,Miliffe,lmiliffe8h,lmiliffe8h@sourceforge.net,fL4<g<Pde#Ck=
65a26c8465979d6444c411fa,307,Teresa,Lukash,tlukash8i,tlukash8i@1688.com,bD8<V3kYA8AT`{_?
65a26c8465979d6444c411fb,308,Honoria,Godehard.sf,hgodehardsf8j,hgodehardsf8j@wufoo.com,mJ9(1}sg
65a26c8465979d6444c411fc,309,Edyth,Rennard,erennard8k,erennard8k@disqus.com,wY7(X!BNK4Rivdh
65a26c8465979d6444c411fd,310,Morgan,Willford,mwillford8l,mwillford8l@xing.com,vK9`BAhm>~Ui<+tj
65a26c8465979d6444c411fe,311,Cobb,Jacomb,cjacomb8m,cjacomb8m@geocities.jp,zM2%\Quxh
65a26c8465979d6444c411ff,312,Gustaf,Rubenovic,grubenovic8n,grubenovic8n@tinypic.com,"vL9_5$O.U3kd,l8"
65a26c8465979d6444c41200,313,Weider,Nussey,wnussey8o,wnussey8o@ftc.gov,"kR9,AQ0A8Nt"
65a26c8465979d6444c41201,314,Hendrik,Casaccio,hcasaccio8p,hcasaccio8p@chicagotribune.com,wI6%tNPtyk!f
65a26c8465979d6444c41202,315,Josy,O'Kielt,jokielt8q,jokielt8q@google.co.jp,jE3~yT1)F/~Vs&*X
65a26c8465979d6444c41203,316,Brynn,Stanaway,bstanaway8r,bstanaway8r@weather.com,hB5*udIcLmv
65a26c8465979d6444c41204,317,Kahlil,Lebbon,klebbon8s,klebbon8s@wired.com,"yW3+E`""YfQz"""
65a26c8465979d6444c41205,318,Teresina,Huske,thuske8t,thuske8t@gravatar.com,oU4<R|XejE?+u
65a26c8465979d6444c41206,319,Toma,Venney,tvenney8u,tvenney8u@ning.com,aX4#{pKD\Qx<Xi)
65a26c8465979d6444c41207,320,Ekaterina,Gatesman,egatesman8v,egatesman8v@guardian.co.uk,sZ8\(aX7
65a26c8465979d6444c41208,321,Carissa,MacCarlich,cmaccarlich8w,cmaccarlich8w@about.me,sB1*}D}|kXRr7
65a26c8465979d6444c41209,322,Andy,Chalker,achalker8x,achalker8x@msu.edu,aZ1%AIO(+
65a26c8465979d6444c4120a,323,Averil,Gladwin,agladwin8y,agladwin8y@yahoo.co.jp,pG3~Y7~5{=8@_q}G
65a26c8465979d6444c4120b,324,Mervin,Bullant,mbullant8z,mbullant8z@constantcontact.com,sG9@JYidw1a
65a26c8465979d6444c4120c,325,Jennee,Esche,jesche90,jesche90@a8.net,rR6{q#r|
65a26c8465979d6444c4120d,326,Barbi,Uttley,buttley91,buttley91@msu.edu,"cF9@Uy_,=ajfb~Wg"
65a26c8465979d6444c4120e,327,Rebekkah,Cordelet,rcordelet92,rcordelet92@blogs.com,bB7%9m3TIYw#ctl
65a26c8465979d6444c4120f,328,Marris,Bulleyn,mbulleyn93,mbulleyn93@unblog.fr,zK6{<o8j
65a26c8465979d6444c41210,329,Shoshanna,Delgua,sdelgua94,sdelgua94@utexas.edu,eD1>8Htq+BlBm@m?
65a26c8465979d6444c41211,330,Daune,Spileman,dspileman95,dspileman95@ox.ac.uk,mM9@O{Mk9~l3ZM4
65a26c8465979d6444c41212,331,Jenni,Dahl,jdahl96,jdahl96@boston.com,"uM7'+14f<""kv$"
65a26c8465979d6444c41213,332,Thomasin,Geist,tgeist97,tgeist97@alibaba.com,"aT5,>P!crW86lU$p"
65a26c8465979d6444c41214,333,Cele,Mullaly,cmullaly98,cmullaly98@mapquest.com,pK2#QKH?p+
65a26c8465979d6444c41215,334,Alexandro,Pasquale,apasquale99,apasquale99@simplemachines.org,"pK5(fd3eg(v,aM"
65a26c8465979d6444c41216,335,Mischa,Point,mpoint9a,mpoint9a@stanford.edu,bX0*t=F1@I7Fk
65a26c8465979d6444c41217,336,Jonas,Sprules,jsprules9b,jsprules9b@forbes.com,"rG6,yJfJM~OqZ=P"
65a26c8465979d6444c41218,337,Darya,Moryson,dmoryson9c,dmoryson9c@patch.com,hA2)}z+=&=4t$D<_
65a26c8465979d6444c41219,338,Kayle,Kitlee,kkitlee9d,kkitlee9d@ucsd.edu,sN5.Bc@+#TCQ
65a26c8465979d6444c4121a,339,Care,Rydzynski,crydzynski9e,crydzynski9e@jimdo.com,"zM3@3o.D_vy+Qd,"
65a26c8465979d6444c4121b,340,Barret,Rain,brain9f,brain9f@mapquest.com,cN8?_tE8
65a26c8465979d6444c4121c,341,Ellissa,Ginnety,eginnety9g,eginnety9g@seattletimes.com,fE0@LyN5_C@6Z
65a26c8465979d6444c4121d,342,Sauncho,Manderson,smanderson9h,smanderson9h@about.me,kZ2&4gSvhapwO8
65a26c8465979d6444c4121e,343,Orella,Banghe,obanghe9i,obanghe9i@auda.org.au,tY0<PHG}vj<B@u
65a26c8465979d6444c4121f,344,Ike,Nacci,inacci9j,inacci9j@businessweek.com,zR2<r)12Za+>J
65a26c8465979d6444c41220,345,Jan,Rodrigues,jrodrigues9k,jrodrigues9k@nature.com,lI7\O~>gX<
65a26c8465979d6444c41221,346,Matthiew,Gier,mgier9l,mgier9l@cdc.gov,kD7=tjNk
65a26c8465979d6444c41222,347,Crissy,Pollock,cpollock9m,cpollock9m@skype.com,wU8.xwx&@#rG
65a26c8465979d6444c41223,348,Julita,Scammonden,jscammonden9n,jscammonden9n@issuu.com,lB3_!{yPQh_G
65a26c8465979d6444c41224,349,Giordano,Flook,gflook9o,gflook9o@netlog.com,nH9'~l71to++tZ!D
65a26c8465979d6444c41225,350,Dredi,Juszczyk,djuszczyk9p,djuszczyk9p@moonfruit.com,dS5/LVVNa(G@v
65a26c8465979d6444c41226,351,Filide,Capps,fcapps9q,fcapps9q@netlog.com,dF6@vZ=#@`ttc)_F
65a26c8465979d6444c41227,352,Tye,Kopfer,tkopfer9r,tkopfer9r@tmall.com,xQ8?*D`\l*H
65a26c8465979d6444c41228,353,Netta,Obey,nobey9s,nobey9s@amazon.de,xZ4<*}@7h*Se/
65a26c8465979d6444c41229,354,Chloris,Kleinschmidt,ckleinschmidt9t,ckleinschmidt9t@networkadvertising.org,"gF3{ndc""T2N"
65a26c8465979d6444c4122a,355,Jerrie,Jolin,jjolin9u,jjolin9u@unc.edu,tB4?!wjsl
65a26c8465979d6444c4122b,356,Mel,Showt,mshowt9v,mshowt9v@4shared.com,"rW0""y9cD9Ob`("
65a26c8465979d6444c4122c,357,Sully,Menichi,smenichi9w,smenichi9w@smh.com.au,eU1$W!9>0
65a26c8465979d6444c4122d,358,Darin,Pow,dpow9x,dpow9x@apache.org,"sU7!Ht""{|p"
65a26c8465979d6444c4122e,359,Rip,Kalinowsky,rkalinowsky9y,rkalinowsky9y@amazon.co.uk,"rY0,~EzrV#/"
65a26c8465979d6444c4122f,360,Carlos,Edscer,cedscer9z,cedscer9z@php.net,"wN3<_X,`"
65a26c8465979d6444c41230,361,Issi,MacQuarrie,imacquarriea0,imacquarriea0@eventbrite.com,"vT8_T{,O1W"
65a26c8465979d6444c41231,362,Eula,Syvret,esyvreta1,esyvreta1@webnode.com,dY1){H3`
65a26c8465979d6444c41232,363,Melanie,Mulder,mmuldera2,mmuldera2@wikimedia.org,"iR7,y1y?"
65a26c8465979d6444c41233,364,Stafford,Roxbee,sroxbeea3,sroxbeea3@parallels.com,mU4}~mqz2&<KPw
65a26c8465979d6444c41234,365,Bartolemo,Mungane,bmunganea4,bmunganea4@devhub.com,cV4%27}5rqv})Kci
65a26c8465979d6444c41235,366,Gunar,Gilburt,ggilburta5,ggilburta5@wufoo.com,tT4\*ttTH
65a26c8465979d6444c41236,367,Maurits,Nussii,mnussiia6,mnussiia6@4shared.com,wJ1+pom.KG!z
65a26c8465979d6444c41237,368,Ruthie,Rowe,rrowea7,rrowea7@slashdot.org,sK7!#bc*<sid%
65a26c8465979d6444c41238,369,Putnem,Stopper,pstoppera8,pstoppera8@virginia.edu,"aF4+,SS.S}#Xl"
65a26c8465979d6444c41239,370,Suzanna,Spelman,sspelmana9,sspelmana9@omniture.com,lN5}w5XTPF}Cm2m
65a26c8465979d6444c4123a,371,Felice,MacBrearty,fmacbreartyaa,fmacbreartyaa@about.com,"oB2`FB,wp"
65a26c8465979d6444c4123b,372,Ariadne,Blasoni,ablasoniab,ablasoniab@usatoday.com,"hA1#dovt+#v"""
65a26c8465979d6444c4123c,373,Aurie,McLeoid,amcleoidac,amcleoidac@auda.org.au,uQ7<m/k)C
65a26c8465979d6444c4123d,374,Irina,Threader,ithreaderad,ithreaderad@paginegialle.it,wT0\iRZRGbmN
65a26c8465979d6444c4123e,375,Marris,Bonsul,mbonsulae,mbonsulae@foxnews.com,"mQ2*0L8BMl?.""P|t"
65a26c8465979d6444c4123f,376,Lindon,Vanetti,lvanettiaf,lvanettiaf@tuttocitta.it,yB6\~~\7Iz9
65a26c8465979d6444c41240,377,Alan,Simoni,asimoniag,asimoniag@blogtalkradio.com,uT8|\W$QDX963c
65a26c8465979d6444c41241,378,Alene,Cobley,acobleyah,acobleyah@moonfruit.com,"pD1`FK~#yr""lnW{"
65a26c8465979d6444c41242,379,Maryellen,Calyton,mcalytonai,mcalytonai@mozilla.org,jY1$$~Ap'<
65a26c8465979d6444c41243,380,Alex,Vasyushkhin,avasyushkhinaj,avasyushkhinaj@indiegogo.com,"lU7,ZZ)8<l6qo0*"
65a26c8465979d6444c41244,381,Mercie,Blowin,mblowinak,mblowinak@dagondesign.com,"pW4*""wAjSrdBjl1"
65a26c8465979d6444c41245,382,Calli,Piotrowski,cpiotrowskial,cpiotrowskial@phpbb.com,hI7/x0`L8>x&
65a26c8465979d6444c41246,383,Archer,Wiltshear,awiltshearam,awiltshearam@google.nl,pF3$wtTG?0l3
65a26c8465979d6444c41247,384,Munmro,O'Mannion,momannionan,momannionan@themeforest.net,vL2/.Wkj()o@Bax
65a26c8465979d6444c41248,385,Nil,Howitt,nhowittao,nhowittao@slashdot.org,fK2+oQ5/#'wo
65a26c8465979d6444c41249,386,Ursola,Dubery,uduberyap,uduberyap@about.com,oA0??4hGbHKla
65a26c8465979d6444c4124a,387,Gilbertine,Doding,gdodingaq,gdodingaq@youtu.be,xB8_@)yDN0=AW
65a26c8465979d6444c4124b,388,Odette,Powland,opowlandar,opowlandar@timesonline.co.uk,gB9&CnOd@p|
65a26c8465979d6444c4124c,389,Bebe,Scadding,bscaddingas,bscaddingas@nytimes.com,"kA3\,E+{@/4|qZu1"
65a26c8465979d6444c4124d,390,Dorolisa,Morde,dmordeat,dmordeat@123-reg.co.uk,dN8(@ehaL*RU.
65a26c8465979d6444c4124e,391,Helena,Jakoviljevic,hjakoviljevicau,hjakoviljevicau@google.com.au,aZ8<%|~koF0I2
65a26c8465979d6444c4124f,392,Carlota,Whittet,cwhittetav,cwhittetav@seesaa.net,tE5}xu>i
65a26c8465979d6444c41250,393,Ancell,Gres,agresaw,agresaw@unicef.org,kM1`arOH#(yM
65a26c8465979d6444c41251,394,Falito,Stiebler,fstieblerax,fstieblerax@themeforest.net,"jT8'LK?Q4x,"
65a26c8465979d6444c41252,395,Kelvin,Van't Hoff,kvanthoffay,kvanthoffay@amazon.com,pU4{C1x~N$
65a26c8465979d6444c41253,396,Augustin,Fick,afickaz,afickaz@kickstarter.com,tQ1&|CyoHwi|<
65a26c8465979d6444c41254,397,Blake,Rizzardini,brizzardinib0,brizzardinib0@webs.com,kW9#)W/AmR9H'W5
65a26c8465979d6444c41255,398,Darleen,Simmens,dsimmensb1,dsimmensb1@sohu.com,pS8(QR2{
65a26c8465979d6444c41256,399,Thom,Vannah,tvannahb2,tvannahb2@dion.ne.jp,mG6}&0Ze)
65a26c8465979d6444c41257,400,Carolus,Escoffier,cescoffierb3,cescoffierb3@howstuffworks.com,"yE4,\t=W,jr"
65a26c8465979d6444c41258,401,Noella,Costigan,ncostiganb4,ncostiganb4@wordpress.org,nG1}oR%4{@=
65a26c8465979d6444c41259,402,Jaime,Risbridge,jrisbridgeb5,jrisbridgeb5@behance.net,mK2`y62=
65a26c8465979d6444c4125a,403,Cassey,Bodocs,cbodocsb6,cbodocsb6@dion.ne.jp,wW7>ZD3MW<r+
65a26c8465979d6444c4125b,404,Timotheus,Pawsey,tpawseyb7,tpawseyb7@domainmarket.com,zQ3(SV`/yd7c~?om
65a26c8465979d6444c4125c,405,Dyane,Niland,dnilandb8,dnilandb8@webnode.com,uM3(/V0Onu+va
65a26c8465979d6444c4125d,406,Roxi,Merigeau,rmerigeaub9,rmerigeaub9@webeden.co.uk,gK7)p8b.Z>8XUXkr
65a26c8465979d6444c4125e,407,Maybelle,Rikard,mrikardba,mrikardba@upenn.edu,aZ4`~j`!T}f
65a26c8465979d6444c4125f,408,Marice,McAw,mmcawbb,mmcawbb@aol.com,"qE4+{|Lb""xK?Ny"
65a26c8465979d6444c41260,409,Coop,Hardeman,chardemanbc,chardemanbc@accuweather.com,"vZ6(f}3?""BZwC"
65a26c8465979d6444c41261,410,Petunia,Coon,pcoonbd,pcoonbd@163.com,vY7{%.v6!F(ZC
65a26c8465979d6444c41262,411,Goddart,De Vaux,gdevauxbe,gdevauxbe@tamu.edu,fZ9(3y4}/QOR/.3
65a26c8465979d6444c41263,412,Moyra,Mayers,mmayersbf,mmayersbf@netvibes.com,eW4|}pw2C%'PM
65a26c8465979d6444c41264,413,Maryjo,Threlkeld,mthrelkeldbg,mthrelkeldbg@diigo.com,jO6~(Fu~6@#
65a26c8465979d6444c41265,414,Modestia,Kearley,mkearleybh,mkearleybh@guardian.co.uk,"bN5""XCZ5?JS)"
65a26c8465979d6444c41266,415,Ric,Clandillon,rclandillonbi,rclandillonbi@plala.or.jp,"gV0>LP""B"
65a26c8465979d6444c41267,416,Loralyn,Casse,lcassebj,lcassebj@nbcnews.com,pN8`e`pr*\WQm
65a26c8465979d6444c41268,417,Odelinda,Bortolussi,obortolussibk,obortolussibk@delicious.com,hU6~rWiKf
65a26c8465979d6444c41269,418,Inger,Barz,ibarzbl,ibarzbl@wix.com,zU2?Lo$Z!3&~'
65a26c8465979d6444c4126a,419,Ruperto,Rivalant,rrivalantbm,rrivalantbm@github.io,gD1@)xRk\Qw0BS
65a26c8465979d6444c4126b,420,Victoir,Spindler,vspindlerbn,vspindlerbn@rambler.ru,nR0{7~?%#U=~>Ul
65a26c8465979d6444c4126c,421,Zaria,Hucklesby,zhucklesbybo,zhucklesbybo@fotki.com,jD0'NmGj<k%Sg\
65a26c8465979d6444c4126d,422,Magda,Hamblin,mhamblinbp,mhamblinbp@wired.com,jG2*wrk|?b
65a26c8465979d6444c4126e,423,Regan,Purton,rpurtonbq,rpurtonbq@storify.com,kK2}17aP7!Qc
65a26c8465979d6444c4126f,424,Gracia,Sandry,gsandrybr,gsandrybr@sphinn.com,"kX5,{hU@~)xn2i,"
65a26c8465979d6444c41270,425,Dougy,Madgewick,dmadgewickbs,dmadgewickbs@mozilla.org,dA5*Bkg?t<\O
65a26c8465979d6444c41271,426,Malinde,Naden,mnadenbt,mnadenbt@businesswire.com,fY6/)+xFm5E
65a26c8465979d6444c41272,427,Cecilio,Kelley,ckelleybu,ckelleybu@umn.edu,qX2>NLnkod|KsArr
65a26c8465979d6444c41273,428,Asa,McClinton,amcclintonbv,amcclintonbv@thetimes.co.uk,"uK0!,A8.$v\oVRB"
65a26c8465979d6444c41274,429,Vincent,Toth,vtothbw,vtothbw@dion.ne.jp,nM7.wrATdo
65a26c8465979d6444c41275,430,Taddeo,Coole,tcoolebx,tcoolebx@sogou.com,xV3?<`H+3
65a26c8465979d6444c41276,431,Currey,Reach,creachby,creachby@amazon.de,nU2|NoV}FR
65a26c8465979d6444c41277,432,Minor,Ovett,movettbz,movettbz@delicious.com,"dS2,oZPPRgm"
65a26c8465979d6444c41278,433,Maurine,Klas,mklasc0,mklasc0@shinystat.com,dQ2#}a=Mpzwye2\
65a26c8465979d6444c41279,434,Jarad,Flatley,jflatleyc1,jflatleyc1@japanpost.jp,jY3$W`UWk
65a26c8465979d6444c4127a,435,Ingrid,Guerrin,iguerrinc2,iguerrinc2@furl.net,aY6!R!w5Z`4/z
65a26c8465979d6444c4127b,436,Elnore,Reisin,ereisinc3,ereisinc3@timesonline.co.uk,zO6?IsA7hFW5
65a26c8465979d6444c4127c,437,Denver,Strangman,dstrangmanc4,dstrangmanc4@histats.com,yQ5.Ik|E}RyRMQ
65a26c8465979d6444c4127d,438,Devland,Jukubczak,djukubczakc5,djukubczakc5@microsoft.com,fZ1|P>=DJ{
65a26c8465979d6444c4127e,439,Chery,Gadsden,cgadsdenc6,cgadsdenc6@tumblr.com,"bN4""69(G=u)k}Qmn"
65a26c8465979d6444c4127f,440,Noni,Weddeburn - Scrimgeour,nweddeburnscrimgeourc7,nweddeburnscrimgeourc7@bbc.co.uk,uI8<)8WO
65a26c8465979d6444c41280,441,Siegfried,Dutteridge,sdutteridgec8,sdutteridgec8@elpais.com,sZ4+Mq.={V{Ev
65a26c8465979d6444c41281,442,Levy,Peggrem,lpeggremc9,lpeggremc9@disqus.com,aY0?m7Xf*
65a26c8465979d6444c41282,443,Manny,Chaikovski,mchaikovskica,mchaikovskica@ycombinator.com,bU9=&B7.tvcWykQ
65a26c8465979d6444c41283,444,Leighton,Consterdine,lconsterdinecb,lconsterdinecb@phoca.cz,iM7_9hJfF#Z+FF2b
65a26c8465979d6444c41284,445,Jervis,MacSweeney,jmacsweeneycc,jmacsweeneycc@shutterfly.com,rT7(FhC@%Jucn~
65a26c8465979d6444c41285,446,Ingaborg,Maha,imahacd,imahacd@constantcontact.com,fJ2?cE@'Am=i
65a26c8465979d6444c41286,447,Liliane,Jefford,ljeffordce,ljeffordce@theglobeandmail.com,nI6(9SMZ#q
65a26c8465979d6444c41287,448,Rance,Johansson,rjohanssoncf,rjohanssoncf@netscape.com,"sW4_DH8uf=C,|4sX"
65a26c8465979d6444c41288,449,Clara,Scarratt,cscarrattcg,cscarrattcg@msn.com,"wM7~o,G{@~"
65a26c8465979d6444c41289,450,Hillary,Ellacombe,hellacombech,hellacombech@amazon.com,qY0=at~Z9#7q<$
65a26c8465979d6444c4128a,451,Hagan,Spencelayh,hspencelayhci,hspencelayhci@goodreads.com,fA0}uvNTr'rY{b
65a26c8465979d6444c4128b,452,Cherilynn,Dingwall,cdingwallcj,cdingwallcj@usgs.gov,"kM8,%0*s7v|/_G??"
65a26c8465979d6444c4128c,453,Myrtice,Foxhall,mfoxhallck,mfoxhallck@ucoz.ru,bU9`>H$iSjYmI_
65a26c8465979d6444c4128d,454,Correy,Scoggin,cscoggincl,cscoggincl@studiopress.com,"lW3|'+$<HPk(oL"""
65a26c8465979d6444c4128e,455,Catherine,McGerraghty,cmcgerraghtycm,cmcgerraghtycm@ibm.com,kM1&9ouO)*yb
65a26c8465979d6444c4128f,456,Zarah,Rillstone,zrillstonecn,zrillstonecn@usatoday.com,qS3`FTy$&m
65a26c8465979d6444c41290,457,Siward,Kleinerman,skleinermanco,skleinermanco@spiegel.de,uF7~Fu2OR|uDy
65a26c8465979d6444c41291,458,Ariel,Gaskarth,agaskarthcp,agaskarthcp@cpanel.net,"kE5""hYVH9"
65a26c8465979d6444c41292,459,Chic,Pauncefoot,cpauncefootcq,cpauncefootcq@latimes.com,"wN9""oM""g."
65a26c8465979d6444c41293,460,Gordan,Clurow,gclurowcr,gclurowcr@squarespace.com,oX2$$S6C'Fv`q
65a26c8465979d6444c41294,461,Penny,Sutworth,psutworthcs,psutworthcs@elegantthemes.com,aX2!@3!6<xbU!>
65a26c8465979d6444c41295,462,Crista,Januszkiewicz,cjanuszkiewiczct,cjanuszkiewiczct@ehow.com,nP4{W1GpZX_l!
65a26c8465979d6444c41296,463,Clotilda,Newell,cnewellcu,cnewellcu@google.es,xT7/F8S'mnlS2*
65a26c8465979d6444c41297,464,Maxwell,Vicarey,mvicareycv,mvicareycv@cisco.com,cM7!WRWRqvJ3
65a26c8465979d6444c41298,465,Tasia,Center,tcentercw,tcentercw@facebook.com,gG7<MX(E_3Dj*D
65a26c8465979d6444c41299,466,Petronille,Boak,pboakcx,pboakcx@amazon.co.uk,eU1$>NUzj3jf
65a26c8465979d6444c4129a,467,Gerladina,Denham,gdenhamcy,gdenhamcy@slashdot.org,wZ0?IV)x.q7
65a26c8465979d6444c4129b,468,Thain,Meffan,tmeffancz,tmeffancz@google.nl,"iY0,!r~JgdS"
65a26c8465979d6444c4129c,469,Aguistin,Cockayne,acockayned0,acockayned0@macromedia.com,gW3<)p52
65a26c8465979d6444c4129d,470,Allys,Doerling,adoerlingd1,adoerlingd1@diigo.com,nK9!)(IAi
65a26c8465979d6444c4129e,471,Blisse,Scripture,bscriptured2,bscriptured2@woothemes.com,xP1)wf+xo=
65a26c8465979d6444c4129f,472,Alissa,MacLoughlin,amacloughlind3,amacloughlind3@redcross.org,wN4.VPY!Z.}Dn)#%
65a26c8465979d6444c412a0,473,Vernor,Merrell,vmerrelld4,vmerrelld4@huffingtonpost.com,lD8>aj?=<ro8\Os
65a26c8465979d6444c412a1,474,Evanne,Waterland,ewaterlandd5,ewaterlandd5@hibu.com,zT1{q{Lr>=I
65a26c8465979d6444c412a2,475,Cissy,Bruneton,cbrunetond6,cbrunetond6@ted.com,gG7(9Jn1@o
65a26c8465979d6444c412a3,476,Mitchel,Ryan,mryand7,mryand7@wp.com,fI8/GbW$!f8g}'j
65a26c8465979d6444c412a4,477,Judy,Patching,jpatchingd8,jpatchingd8@cloudflare.com,oH7!$!h{OGsFXF
65a26c8465979d6444c412a5,478,Bathsheba,Phinnis,bphinnisd9,bphinnisd9@blogspot.com,"vJ2,{ueUo"
65a26c8465979d6444c412a6,479,Maryrose,Squirrell,msquirrellda,msquirrellda@ehow.com,"rB2'+ZBqZmjJ`a""U"
65a26c8465979d6444c412a7,480,Golda,Basezzi,gbasezzidb,gbasezzidb@virginia.edu,wC4'Lpa/S.6nn
65a26c8465979d6444c412a8,481,Manfred,Crockley,mcrockleydc,mcrockleydc@nytimes.com,tY4!`+IUhs#Y'
65a26c8465979d6444c412a9,482,Sylvan,Causer,scauserdd,scauserdd@ow.ly,cM7+XtQ=*
65a26c8465979d6444c412aa,483,Linoel,Dowey,ldoweyde,ldoweyde@merriam-webster.com,cS8_Lw_R/c
65a26c8465979d6444c412ab,484,Galen,Brands,gbrandsdf,gbrandsdf@scientificamerican.com,fY2?v>#MY1+
65a26c8465979d6444c412ac,485,Clementius,Rayson,craysondg,craysondg@ucla.edu,hY2!>n$$
65a26c8465979d6444c412ad,486,Marlene,Lunt,mluntdh,mluntdh@microsoft.com,eU9%w3*R!t/
65a26c8465979d6444c412ae,487,Ignacio,Eastlake,ieastlakedi,ieastlakedi@ocn.ne.jp,cE6\)5S<j
65a26c8465979d6444c412af,488,Sal,Coomer,scoomerdj,scoomerdj@pen.io,"dZ4\@iU=m{>,"
65a26c8465979d6444c412b0,489,Cristina,Clamo,cclamodk,cclamodk@smh.com.au,"uM7%B!""CU~F`R1"
65a26c8465979d6444c412b1,490,Aleece,Wainscot,awainscotdl,awainscotdl@telegraph.co.uk,mA3{CxL/
65a26c8465979d6444c412b2,491,Caryl,Sansbury,csansburydm,csansburydm@bizjournals.com,nS2>7.!a8dG7w%
65a26c8465979d6444c412b3,492,Dix,Jenkins,djenkinsdn,djenkinsdn@microsoft.com,vM1*sF7U
65a26c8465979d6444c412b4,493,Chan,Sharp,csharpdo,csharpdo@opensource.org,rY9=ODI(AW
65a26c8465979d6444c412b5,494,Melisse,Bruhke,mbruhkedp,mbruhkedp@washingtonpost.com,"wG4$.V55,!&"
65a26c8465979d6444c412b6,495,Darya,Bexon,dbexondq,dbexondq@qq.com,xI6{V>t&C&Xpn'r|
65a26c8465979d6444c412b7,496,Karna,Hacon,khacondr,khacondr@skype.com,hZ0&t412Kq!eqWMu
65a26c8465979d6444c412b8,497,Ollie,Zimmermanns,ozimmermannsds,ozimmermannsds@utexas.edu,pT2'&`ZrjS
65a26c8465979d6444c412b9,498,Johannah,Queyeiro,jqueyeirodt,jqueyeirodt@earthlink.net,lA6|M'C!&9vd/
65a26c8465979d6444c412ba,499,Rooney,Isacke,risackedu,risackedu@earthlink.net,"nS6,fISHiQXMnT"
65a26c8465979d6444c412bb,500,Tobe,Basilio,tbasiliodv,tbasiliodv@arizona.edu,fG7|uLh1YL
65a26c8465979d6444c412bc,501,Brock,Clacey,bclaceydw,bclaceydw@smugmug.com,zU2&1R4<LWH=.`
65a26c8465979d6444c412bd,502,Sydney,Marrett,smarrettdx,smarrettdx@toplist.cz,fN0(7&DA98\}dO
65a26c8465979d6444c412be,503,Betsy,Gartside,bgartsidedy,bgartsidedy@examiner.com,"xX6&ba3tf,*1Cyk"
65a26c8465979d6444c412bf,504,Marcello,Isakov,misakovdz,misakovdz@blog.com,pV8(E=tAJE8p)+
65a26c8465979d6444c412c0,505,Kora,Creaven,kcreavene0,kcreavene0@exblog.jp,qI4|2q#E
65a26c8465979d6444c412c1,506,Janifer,Clubb,jclubbe1,jclubbe1@arizona.edu,aH6&5?i3rKu@Z&
65a26c8465979d6444c412c2,507,Arden,Diamant,adiamante2,adiamante2@dell.com,pT5!eH&Yp9~G
65a26c8465979d6444c412c3,508,Herbert,Mussard,hmussarde3,hmussarde3@rakuten.co.jp,tY4\hYixk'Lw{
65a26c8465979d6444c412c4,509,Mozelle,Castelin,mcasteline4,mcasteline4@1688.com,"wT6""Kq4*}my"
65a26c8465979d6444c412c5,510,Toddy,Goseling,tgoselinge5,tgoselinge5@census.gov,eV8~N~6o4sD8(/
65a26c8465979d6444c412c6,511,Selene,Rennles,srennlese6,srennlese6@businesswire.com,tW1*rtlb)8hO0n
65a26c8465979d6444c412c7,512,Bobine,Cornish,bcornishe7,bcornishe7@blog.com,uJ5)Gbk\cAUZ
65a26c8465979d6444c412c8,513,Jonah,Cobson,jcobsone8,jcobsone8@jugem.jp,fT6%dFY~}UsS%
65a26c8465979d6444c412c9,514,Alisa,Colrein,acolreine9,acolreine9@google.com.au,zB3+40bG
65a26c8465979d6444c412ca,515,Klara,Heberden,kheberdenea,kheberdenea@symantec.com,lP5>gHwVTCI8a9oR
65a26c8465979d6444c412cb,516,Rachele,Gerardet,rgerardeteb,rgerardeteb@behance.net,yW8~GQ)wj
65a26c8465979d6444c412cc,517,Huntlee,Turle,hturleec,hturleec@ed.gov,vE4_jP5e{~
65a26c8465979d6444c412cd,518,Margy,Mcsarry,mmcsarryed,mmcsarryed@shutterfly.com,fV0~Uwo%4\xD8*{E
65a26c8465979d6444c412ce,519,Langston,Giraudoux,lgiraudouxee,lgiraudouxee@businesswire.com,aP2*(z~Bm3p5/4Q
65a26c8465979d6444c412cf,520,Artemus,Childes,achildesef,achildesef@moonfruit.com,gQ0<CY{3D
65a26c8465979d6444c412d0,521,Flossi,Sturdgess,fsturdgesseg,fsturdgesseg@macromedia.com,iQ2.4THngJ+O
65a26c8465979d6444c412d1,522,Zia,Ogglebie,zogglebieeh,zogglebieeh@reddit.com,qM7_*!<$$md4
65a26c8465979d6444c412d2,523,Sharron,McSherry,smcsherryei,smcsherryei@nbcnews.com,tD8(*W+BVeU
65a26c8465979d6444c412d3,524,Rutger,Benzie,rbenzieej,rbenzieej@wired.com,"bK4(M*6J*""*_)Zwt"
65a26c8465979d6444c412d4,525,Moss,Longden,mlongdenek,mlongdenek@npr.org,wJ4>Y@\<.ck>i_
65a26c8465979d6444c412d5,526,Lauren,Haysham,lhayshamel,lhayshamel@marketwatch.com,"hS2`p,{,E0A"
65a26c8465979d6444c412d6,527,Garrard,Whitecross,gwhitecrossem,gwhitecrossem@ovh.net,hL6@G#x*
65a26c8465979d6444c412d7,528,Hebert,Kryska,hkryskaen,hkryskaen@sun.com,"qA5\s'B,a7gV2q"
65a26c8465979d6444c412d8,529,Lindsey,Bamford,lbamfordeo,lbamfordeo@phpbb.com,fS3)!%gDS+K7dn
65a26c8465979d6444c412d9,530,Holli,Bellham,hbellhamep,hbellhamep@sakura.ne.jp,nE9&T786JW~
65a26c8465979d6444c412da,531,Florence,Nell,fnelleq,fnelleq@gmpg.org,"bN1/""UKDJGm"
65a26c8465979d6444c412db,532,Suellen,Klausewitz,sklausewitzer,sklausewitzer@nationalgeographic.com,"jJ1~""Oubgr"
65a26c8465979d6444c412dc,533,Raimund,Czadla,rczadlaes,rczadlaes@mozilla.com,zI7~AeS/SZpYhe
65a26c8465979d6444c412dd,534,Eolanda,Blacklidge,eblacklidgeet,eblacklidgeet@liveinternet.ru,sD3|QB(l
65a26c8465979d6444c412de,535,Shena,Mertin,smertineu,smertineu@youku.com,"qB8)wE,'+9W"
65a26c8465979d6444c412df,536,Antony,Morilla,amorillaev,amorillaev@nps.gov,uL5*t*2Y'oDpC_
65a26c8465979d6444c412e0,537,Eugene,McGraw,emcgrawew,emcgrawew@hud.gov,tH9<s/ok_gRXJoo
65a26c8465979d6444c412e1,538,Danit,Stops,dstopsex,dstopsex@livejournal.com,bJ4?Fbif&o6<.<|p
65a26c8465979d6444c412e2,539,Gerhardt,Mollon,gmolloney,gmolloney@oakley.com,dM5<TVEuo
65a26c8465979d6444c412e3,540,Fern,Marskell,fmarskellez,fmarskellez@nih.gov,jK7$8)h|a5Q
65a26c8465979d6444c412e4,541,Juline,O'Codihie,jocodihief0,jocodihief0@google.com.br,sW1'#?~q#
65a26c8465979d6444c412e5,542,Janella,Imlin,jimlinf1,jimlinf1@wordpress.com,"bC6""vgPjYRbuDSka"
65a26c8465979d6444c412e6,543,Grethel,Kaemena,gkaemenaf2,gkaemenaf2@dropbox.com,cL5#j}Uhx<
65a26c8465979d6444c412e7,544,Wynnie,Cockren,wcockrenf3,wcockrenf3@go.com,hE7$5I$/S
65a26c8465979d6444c412e8,545,Levey,Pendell,lpendellf4,lpendellf4@columbia.edu,rT6.)fkX
65a26c8465979d6444c412e9,546,Britta,Emig,bemigf5,bemigf5@furl.net,iV0=jjy@.xfI'\O
65a26c8465979d6444c412ea,547,Neda,Braganza,nbraganzaf6,nbraganzaf6@harvard.edu,fA5>LivL$Md4
65a26c8465979d6444c412eb,548,Faustine,Sager,fsagerf7,fsagerf7@ox.ac.uk,hU6'hUrUbVI=
65a26c8465979d6444c412ec,549,Quinton,Heaney`,qheaneyf8,qheaneyf8@dropbox.com,tN5<$F\12B+Ejq
65a26c8465979d6444c412ed,550,Carri,Figgen,cfiggenf9,cfiggenf9@digg.com,"nR4,<9Ji"
65a26c8465979d6444c412ee,551,Garreth,Gozney,ggozneyfa,ggozneyfa@google.co.uk,"wI6{W)c,t3#>f"
65a26c8465979d6444c412ef,552,Inessa,Oldaker,ioldakerfb,ioldakerfb@buzzfeed.com,zX4\}ErT<1YQb9W
65a26c8465979d6444c412f0,553,Danya,Louth,dlouthfc,dlouthfc@bloglovin.com,sF7(9TF#K>C1.
65a26c8465979d6444c412f1,554,Nissy,Tirrey,ntirreyfd,ntirreyfd@de.vu,"aT8_4FIO6~,S2"
65a26c8465979d6444c412f2,555,Dredi,Slamaker,dslamakerfe,dslamakerfe@comcast.net,"gX6~2HJ%pov""wK"
65a26c8465979d6444c412f3,556,Othilie,Clacey,oclaceyff,oclaceyff@wordpress.org,tN7+0q/HvE)G
65a26c8465979d6444c412f4,557,Sheilakathryn,Learoyd,slearoydfg,slearoydfg@theglobeandmail.com,tF5&yc\j
65a26c8465979d6444c412f5,558,Prisca,Balsdon,pbalsdonfh,pbalsdonfh@networkadvertising.org,fS0%v6`@03
65a26c8465979d6444c412f6,559,Kimmi,Coppo,kcoppofi,kcoppofi@t.co,gD3<)Aa~2ufP
65a26c8465979d6444c412f7,560,Laetitia,Lissenden,llissendenfj,llissendenfj@wikia.com,kL7#BAZP3r=N>~8w
65a26c8465979d6444c412f8,561,Yorgo,Trayling,ytraylingfk,ytraylingfk@ezinearticles.com,fJ0(@G!pM
65a26c8465979d6444c412f9,562,Roxanne,Torresi,rtorresifl,rtorresifl@bing.com,"qL1(,<R<LpCT"
65a26c8465979d6444c412fa,563,Geoff,Menier,gmenierfm,gmenierfm@fc2.com,yO7<oXI\rjXI{<!
65a26c8465979d6444c412fb,564,Patin,Bentall,pbentallfn,pbentallfn@webnode.com,kC6}d24iP~
65a26c8465979d6444c412fc,565,Lonee,Birk,lbirkfo,lbirkfo@istockphoto.com,"kG3$$.{_d""K_<K"
65a26c8465979d6444c412fd,566,Tucky,Humerstone,thumerstonefp,thumerstonefp@go.com,bS4?Og|}3
65a26c8465979d6444c412fe,567,Carlin,Warrack,cwarrackfq,cwarrackfq@forbes.com,fL1`>=2J8Fud/
65a26c8465979d6444c412ff,568,Antonino,Dahl,adahlfr,adahlfr@google.de,"iL5_Xh=v"""
65a26c8465979d6444c41300,569,Sophi,Buckthought,sbuckthoughtfs,sbuckthoughtfs@de.vu,lK3>O2dd_
65a26c8465979d6444c41301,570,Kalli,Caulkett,kcaulkettft,kcaulkettft@businesswire.com,mO3+qffuO*mG
65a26c8465979d6444c41302,571,Daryl,Pinkstone,dpinkstonefu,dpinkstonefu@webs.com,"zI6""RU#.zkW,Y_z2"
65a26c8465979d6444c41303,572,Natassia,Desforges,ndesforgesfv,ndesforgesfv@drupal.org,sI1)irJr)V+20>
65a26c8465979d6444c41304,573,Dougy,Brewins,dbrewinsfw,dbrewinsfw@cnbc.com,nD2@9VF/3bO&.
65a26c8465979d6444c41305,574,Nataniel,Oguz,noguzfx,noguzfx@huffingtonpost.com,eO3/q1e=r<)w7{~
65a26c8465979d6444c41306,575,Corrie,Rogliero,croglierofy,croglierofy@cpanel.net,aN8=OG4G_
65a26c8465979d6444c41307,576,Federica,Carnilian,fcarnilianfz,fcarnilianfz@flickr.com,dE0'5(`YKTyJV
65a26c8465979d6444c41308,577,Wilmar,Sallowaye,wsallowayeg0,wsallowayeg0@salon.com,wJ9#1?C(3v
65a26c8465979d6444c41309,578,Gabbey,Perrottet,gperrottetg1,gperrottetg1@usa.gov,wK3/\u@)1Y_!S
65a26c8465979d6444c4130a,579,Keriann,Noulton,knoultong2,knoultong2@goodreads.com,"eV2""Nzt4"
65a26c8465979d6444c4130b,580,Grace,Beagley,gbeagleyg3,gbeagleyg3@privacy.gov.au,jC3|V0Qe9)NpA$@x
65a26c8465979d6444c4130c,581,Zacharia,Charrisson,zcharrissong4,zcharrissong4@cam.ac.uk,mR4#sEG$?XUyBhTO
65a26c8465979d6444c4130d,582,Ursala,Hamel,uhamelg5,uhamelg5@ed.gov,gX9$~D7f
65a26c8465979d6444c4130e,583,Skippie,Mitchel,smitchelg6,smitchelg6@prnewswire.com,oF8}UbW<*Yx5iD
65a26c8465979d6444c4130f,584,Cherise,Missenden,cmissendeng7,cmissendeng7@yellowbook.com,"mV9,jm}lC"
65a26c8465979d6444c41310,585,Yolane,Antill,yantillg8,yantillg8@a8.net,dJ1&fpA`p2lCA
65a26c8465979d6444c41311,586,Chandal,Sandison,csandisong9,csandisong9@ustream.tv,"rS9>TkYZua,Xs"
65a26c8465979d6444c41312,587,Durant,Muino,dmuinoga,dmuinoga@dion.ne.jp,"rD4{WZy,C$G.+FXv"
65a26c8465979d6444c41313,588,Alberik,Arnauduc,aarnauducgb,aarnauducgb@1und1.de,"xZ4""s3_}@6"
65a26c8465979d6444c41314,589,Bruis,Minors,bminorsgc,bminorsgc@alibaba.com,dO8@p<$>x
65a26c8465979d6444c41315,590,Tomasine,Berzin,tberzingd,tberzingd@smh.com.au,yV3.fQ(.hG
65a26c8465979d6444c41316,591,Zarah,Di Giacomo,zdigiacomoge,zdigiacomoge@apple.com,eJ1<Ro1lAwlLz*
65a26c8465979d6444c41317,592,Lainey,Baddeley,lbaddeleygf,lbaddeleygf@sciencedirect.com,"lY6""gm!92d130"
65a26c8465979d6444c41318,593,Romy,Yanin,ryaningg,ryaningg@marketwatch.com,qN5!fU_(
65a26c8465979d6444c41319,594,Anders,Bentjens,abentjensgh,abentjensgh@china.com.cn,rG8_C&BBtQvuVRa
65a26c8465979d6444c4131a,595,Alexa,Tieraney,atieraneygi,atieraneygi@nature.com,uI4?Amx4dcGy`T
65a26c8465979d6444c4131b,596,Karon,Ege,kegegj,kegegj@webs.com,eD3/QUPv
65a26c8465979d6444c4131c,597,See,Creboe,screboegk,screboegk@mac.com,"dM3}b$%<HJ=/Kjs"""
65a26c8465979d6444c4131d,598,Essie,Civitillo,ecivitillogl,ecivitillogl@cpanel.net,"cY5<3Jpy+DP,e"
65a26c8465979d6444c4131e,599,Cecile,Witchalls,cwitchallsgm,cwitchallsgm@smugmug.com,"pC6""ijdMe_j2*$"
65a26c8465979d6444c4131f,600,Silvan,Pottery,spotterygn,spotterygn@washington.edu,oV9#us@4/A6|~bn
65a26c8465979d6444c41320,601,Burnard,Quinell,bquinellgo,bquinellgo@mayoclinic.com,sM6$ckb0BoTTOy
65a26c8465979d6444c41321,602,Wake,Morfey,wmorfeygp,wmorfeygp@etsy.com,nV5_bSp=
65a26c8465979d6444c41322,603,Vernice,Perse,vpersegq,vpersegq@jigsy.com,iO2%n.\@_kb(2kx*
65a26c8465979d6444c41323,604,Lorie,Beckerleg,lbeckerleggr,lbeckerleggr@twitter.com,"qA0""68Ybx"
65a26c8465979d6444c41324,605,Aurie,Pendrigh,apendrighgs,apendrighgs@admin.ch,iM0@Js?V
65a26c8465979d6444c41325,606,Sande,Halgarth,shalgarthgt,shalgarthgt@gov.uk,iX2_RYvs?nwHnt
65a26c8465979d6444c41326,607,Jeremiah,Brandone,jbrandonegu,jbrandonegu@wikispaces.com,hR0|bm+.m|j
65a26c8465979d6444c41327,608,Rozella,Goodlud,rgoodludgv,rgoodludgv@imgur.com,lP3%CjfnTE'VB
65a26c8465979d6444c41328,609,Bink,Meneux,bmeneuxgw,bmeneuxgw@aol.com,zF8?+zzCqt(T>P?r
65a26c8465979d6444c41329,610,Kania,Sangster,ksangstergx,ksangstergx@posterous.com,"bQ2#|RnGti!""ev"
65a26c8465979d6444c4132a,611,Morgen,Guerra,mguerragy,mguerragy@twitpic.com,sK5+}Ir0
65a26c8465979d6444c4132b,612,Merrile,Aveyard,maveyardgz,maveyardgz@photobucket.com,"jW7},)yq?ZVK9"
65a26c8465979d6444c4132c,613,Micaela,Iozefovich,miozefovichh0,miozefovichh0@amazon.co.uk,xH2~mNZzbpS_Pg
65a26c8465979d6444c4132d,614,Gilberta,Hourihan,ghourihanh1,ghourihanh1@uiuc.edu,"oL8?b""2U/oii!m"
65a26c8465979d6444c4132e,615,Lanie,Hellwig,lhellwigh2,lhellwigh2@jigsy.com,xR5!!4=<Fe/JtW
65a26c8465979d6444c4132f,616,Dimitri,Gruszczak,dgruszczakh3,dgruszczakh3@seesaa.net,qM4#BW6y{p
65a26c8465979d6444c41330,617,Orel,Joice,ojoiceh4,ojoiceh4@umich.edu,eT6{ARiW(}_O
65a26c8465979d6444c41331,618,Andeee,Odney,aodneyh5,aodneyh5@netscape.com,rR1'$mXB|s
65a26c8465979d6444c41332,619,Letty,Annandale,lannandaleh6,lannandaleh6@zimbio.com,"vG9}(,Jload_!CfS"
65a26c8465979d6444c41333,620,Nikolas,Divill,ndivillh7,ndivillh7@i2i.jp,"jP8,+~dT!WD\YRk"
65a26c8465979d6444c41334,621,Amelia,Cornelleau,acornelleauh8,acornelleauh8@economist.com,pV7*m!8~#v
65a26c8465979d6444c41335,622,Fabien,Ragge,fraggeh9,fraggeh9@weebly.com,iX8((D+F3'
65a26c8465979d6444c41336,623,Alie,Gosnell,agosnellha,agosnellha@time.com,yM9<~EW@{AW.p@ct
65a26c8465979d6444c41337,624,Patrice,Cowlam,pcowlamhb,pcowlamhb@alexa.com,mY2`56)~%
65a26c8465979d6444c41338,625,Obed,Balsillie,obalsilliehc,obalsilliehc@xing.com,aZ3*g<0$@`27|M%
65a26c8465979d6444c41339,626,Pepito,Cowerd,pcowerdhd,pcowerdhd@fotki.com,sL8$ANbDmZ$2>)
65a26c8465979d6444c4133a,627,Angelle,Haberfield,ahaberfieldhe,ahaberfieldhe@globo.com,"yL9,u*qL6"
65a26c8465979d6444c4133b,628,Kim,Rideout,krideouthf,krideouthf@unblog.fr,sP5@dJRSX}
65a26c8465979d6444c4133c,629,John,Hagard,jhagardhg,jhagardhg@irs.gov,"kI8""i5cy"
65a26c8465979d6444c4133d,630,Gavan,McIlwraith,gmcilwraithhh,gmcilwraithhh@ehow.com,vO7)z\?q
65a26c8465979d6444c4133e,631,Myra,Hearmon,mhearmonhi,mhearmonhi@cnet.com,"yL7'!x`13I?"""
65a26c8465979d6444c4133f,632,Madison,Farraway,mfarrawayhj,mfarrawayhj@prlog.org,iT1$0*thz$
65a26c8465979d6444c41340,633,Chick,Swatheridge,cswatheridgehk,cswatheridgehk@upenn.edu,hG9*YESTDOc
65a26c8465979d6444c41341,634,Janis,Malatalant,jmalatalanthl,jmalatalanthl@unc.edu,nH3`p_Kna
65a26c8465979d6444c41342,635,Nixie,Taffie,ntaffiehm,ntaffiehm@constantcontact.com,gK5)04C0<j
65a26c8465979d6444c41343,636,Rainer,Huddlestone,rhuddlestonehn,rhuddlestonehn@blog.com,gL5%dfv*16m2)h*x
65a26c8465979d6444c41344,637,Essie,Romke,eromkeho,eromkeho@flavors.me,oK4$@TR{gH
65a26c8465979d6444c41345,638,Dew,Soppit,dsoppithp,dsoppithp@sphinn.com,xT7=bDKV
65a26c8465979d6444c41346,639,Trev,Shalloe,tshalloehq,tshalloehq@i2i.jp,wN8~RXHzG@K7(3
65a26c8465979d6444c41347,640,Pace,Pheasant,ppheasanthr,ppheasanthr@youtu.be,"qT1\G,6jYqRy2c"
65a26c8465979d6444c41348,641,Archambault,Pocklington,apocklingtonhs,apocklingtonhs@tripadvisor.com,qV4+LofJC=X
65a26c8465979d6444c41349,642,Izzy,Cuberley,icuberleyht,icuberleyht@de.vu,kQ6/!_z9i(3X
65a26c8465979d6444c4134a,643,Zsa zsa,Wermerling,zwermerlinghu,zwermerlinghu@amazon.co.uk,"yH4,lZeb=J4("
65a26c8465979d6444c4134b,644,Broderic,Whaites,bwhaiteshv,bwhaiteshv@networksolutions.com,kP0\F2d3%5+
65a26c8465979d6444c4134c,645,Alford,Dibbert,adibberthw,adibberthw@microsoft.com,"uR7|O34r>""e*"
65a26c8465979d6444c4134d,646,Jordanna,Sidgwick,jsidgwickhx,jsidgwickhx@disqus.com,zZ2{ddI|ZKrX3R
65a26c8465979d6444c4134e,647,Shani,Jacmard,sjacmardhy,sjacmardhy@newyorker.com,"eK4*$X,)N6W""mo|"
65a26c8465979d6444c4134f,648,Theobald,Bolgar,tbolgarhz,tbolgarhz@behance.net,wG1}>_0~Guoqqul
65a26c8465979d6444c41350,649,Pier,Montford,pmontfordi0,pmontfordi0@abc.net.au,eT8|MlpqXiz
65a26c8465979d6444c41351,650,Rebe,Szanto,rszantoi1,rszantoi1@nps.gov,"qM4|#n""LD<We"
65a26c8465979d6444c41352,651,Thorpe,Riccardi,triccardii2,triccardii2@gravatar.com,xA4=NOPaUVug%\7
65a26c8465979d6444c41353,652,Aurore,Chidgey,achidgeyi3,achidgeyi3@mit.edu,pI8#8hY25MfI1o\
65a26c8465979d6444c41354,653,Hervey,Davidovici,hdavidovicii4,hdavidovicii4@bigcartel.com,pL2%&m~<H.rR
65a26c8465979d6444c41355,654,Roxine,Hann,rhanni5,rhanni5@zdnet.com,sA7)`Py4d
65a26c8465979d6444c41356,655,Thurstan,Dwelley,tdwelleyi6,tdwelleyi6@github.io,yL2+t31|A(4_Ay2{
65a26c8465979d6444c41357,656,Dilly,Hammatt,dhammatti7,dhammatti7@hibu.com,wR9#kcej`~h`P
65a26c8465979d6444c41358,657,Patric,Brilleman,pbrillemani8,pbrillemani8@csmonitor.com,nA8}geTL'q(
65a26c8465979d6444c41359,658,Lucie,Cawthera,lcawtherai9,lcawtherai9@is.gd,"uD1""$szoA!PVGui)"
65a26c8465979d6444c4135a,659,Emmalyn,Thormwell,ethormwellia,ethormwellia@i2i.jp,bU2`FmFGgH
65a26c8465979d6444c4135b,660,Gwenneth,Ravel,gravelib,gravelib@smh.com.au,fS4`r+O6_4/
65a26c8465979d6444c4135c,661,Buddy,Bertomeu,bbertomeuic,bbertomeuic@163.com,"aA4_W,GXg~45j"
65a26c8465979d6444c4135d,662,Netta,Stolte,nstolteid,nstolteid@edublogs.org,kE4@3zq~U2
65a26c8465979d6444c4135e,663,Tabb,Peacop,tpeacopie,tpeacopie@bloglines.com,cO9#<l<k4y58r
65a26c8465979d6444c4135f,664,Frannie,Fyers,ffyersif,ffyersif@sourceforge.net,qK6=6)3PFL4!pMM
65a26c8465979d6444c41360,665,Bobina,Gadsden,bgadsdenig,bgadsdenig@msu.edu,"rT8(UrX,AYlhU4o"
65a26c8465979d6444c41361,666,Osgood,Tanby,otanbyih,otanbyih@pbs.org,yW9(je?Is
65a26c8465979d6444c41362,667,Roley,Millhouse,rmillhouseii,rmillhouseii@shinystat.com,uO7@#2AFe$j
65a26c8465979d6444c41363,668,Decca,Reggiani,dreggianiij,dreggianiij@upenn.edu,"gG2&x,)+""%pbU{N"
65a26c8465979d6444c41364,669,Flemming,Orsay,forsayik,forsayik@altervista.org,mL0=e+C|M$`
65a26c8465979d6444c41365,670,Julissa,Chidgey,jchidgeyil,jchidgeyil@goo.ne.jp,aU6>5's)Kd|g+
65a26c8465979d6444c41366,671,Arabelle,Deeny,adeenyim,adeenyim@toplist.cz,"yH0,7?+T`pP>~"
65a26c8465979d6444c41367,672,Marilyn,Heinl,mheinlin,mheinlin@xinhuanet.com,gV8|B'6tNi
65a26c8465979d6444c41368,673,Jamal,MacCome,jmaccomeio,jmaccomeio@biglobe.ne.jp,cG2_t77D)Os(iQz
65a26c8465979d6444c41369,674,Rina,Dat,rdatip,rdatip@barnesandnoble.com,nR5*mry*w/|l
65a26c8465979d6444c4136a,675,Dynah,Rubroe,drubroeiq,drubroeiq@newsvine.com,vY1~z.ePq
65a26c8465979d6444c4136b,676,Gian,Angliss,ganglissir,ganglissir@auda.org.au,bO5#4%).c7r{
65a26c8465979d6444c4136c,677,Elissa,Podbury,epodburyis,epodburyis@hubpages.com,"vE9""(UVWs1j!XP"
65a26c8465979d6444c4136d,678,Anjela,Chaplyn,achaplynit,achaplynit@hugedomains.com,iE4)NqETC<bcbR
65a26c8465979d6444c4136e,679,Gene,Geator,ggeatoriu,ggeatoriu@samsung.com,"tQ4""oMim2pR,"
65a26c8465979d6444c4136f,680,Rolph,McCaw,rmccawiv,rmccawiv@networksolutions.com,qM3.2FcLCmG'Cu._
65a26c8465979d6444c41370,681,Mar,Ricardou,mricardouiw,mricardouiw@hibu.com,"dL9&,Co_pj!5j/i"
65a26c8465979d6444c41371,682,Findley,Braizier,fbraizierix,fbraizierix@vistaprint.com,kG5`UMO?81So
65a26c8465979d6444c41372,683,Gisele,Candey,gcandeyiy,gcandeyiy@flavors.me,mK5*$Dx3to
65a26c8465979d6444c41373,684,Denys,McTrustrie,dmctrustrieiz,dmctrustrieiz@reference.com,"cL0=""\gEvb`1Ay"
65a26c8465979d6444c41374,685,Stella,Polding,spoldingj0,spoldingj0@slideshare.net,uS6&E0/`SIzpf|
65a26c8465979d6444c41375,686,Didi,Simmonett,dsimmonettj1,dsimmonettj1@shutterfly.com,xP2!eoFy!~W|
65a26c8465979d6444c41376,687,Doralia,Gorry,dgorryj2,dgorryj2@wunderground.com,xA3{B9}v
65a26c8465979d6444c41377,688,Kristoforo,Maingot,kmaingotj3,kmaingotj3@surveymonkey.com,"mS7\)\y,Yq?fx4/"
65a26c8465979d6444c41378,689,Deedee,Tratton,dtrattonj4,dtrattonj4@phoca.cz,vG4?hN9?7
65a26c8465979d6444c41379,690,Kacy,Juggings,kjuggingsj5,kjuggingsj5@jiathis.com,mD8?<K?(COj
65a26c8465979d6444c4137a,691,Onfroi,Martindale,omartindalej6,omartindalej6@reverbnation.com,cP1+@lY1bUEC/
65a26c8465979d6444c4137b,692,Gwendolen,O' Culligan,goculliganj7,goculliganj7@google.com.au,dZ5%xqpvVA3Q
65a26c8465979d6444c4137c,693,Jennine,Aleksashin,jaleksashinj8,jaleksashinj8@fotki.com,eE5\)<Bu
65a26c8465979d6444c4137d,694,Gloriana,Rosengren,grosengrenj9,grosengrenj9@constantcontact.com,sH7?F97F?d
65a26c8465979d6444c4137e,695,Amaleta,Bowditch,abowditchja,abowditchja@army.mil,zM5%jA>NW<\Uh0d
65a26c8465979d6444c4137f,696,Ingaborg,Romeuf,iromeufjb,iromeufjb@howstuffworks.com,gJ3+p0_sSW
65a26c8465979d6444c41380,697,Ganny,Smullen,gsmullenjc,gsmullenjc@moonfruit.com,qJ7/=l#A{2JWBN
65a26c8465979d6444c41381,698,Bernard,Carpe,bcarpejd,bcarpejd@miibeian.gov.cn,aO9<Vz0xbpl
65a26c8465979d6444c41382,699,Glenden,Pouton,gpoutonje,gpoutonje@google.com.hk,fF8`5?sEkDi'*K
65a26c8465979d6444c41383,700,Felice,Roglieri,froglierijf,froglierijf@dyndns.org,"rF9,M'9/"
65a26c8465979d6444c41384,701,Ebenezer,Casserley,ecasserleyjg,ecasserleyjg@bloglines.com,qU2&4A?|wkC
65a26c8465979d6444c41385,702,Kettie,Grigoliis,kgrigoliisjh,kgrigoliisjh@livejournal.com,vI6<A*85
65a26c8465979d6444c41386,703,Felice,Collinette,fcollinetteji,fcollinetteji@netvibes.com,mH2=k.XtN
65a26c8465979d6444c41387,704,Tess,Slark,tslarkjj,tslarkjj@surveymonkey.com,fZ1+JZ=sEXMD
65a26c8465979d6444c41388,705,Anny,Yokel,ayokeljk,ayokeljk@youtu.be,"uJ5,U>k%4=N{5l"
65a26c8465979d6444c41389,706,Sidney,Manston,smanstonjl,smanstonjl@arstechnica.com,"xE5"".9k}/mcty"
65a26c8465979d6444c4138a,707,Morry,Deinhardt,mdeinhardtjm,mdeinhardtjm@pen.io,dE4(Xoh=
65a26c8465979d6444c4138b,708,Matthus,Quinn,mquinnjn,mquinnjn@chronoengine.com,"uL0""uS/c$Dprz""I?"
65a26c8465979d6444c4138c,709,Oswell,Enriques,oenriquesjo,oenriquesjo@alibaba.com,"mC0_cd/VzG""n"
65a26c8465979d6444c4138d,710,Ardyth,Winspire,awinspirejp,awinspirejp@squarespace.com,"gI9""G}.+"
65a26c8465979d6444c4138e,711,Perceval,Braghini,pbraghinijq,pbraghinijq@yellowpages.com,tG5}qPeU
65a26c8465979d6444c4138f,712,Trudy,Tilsley,ttilsleyjr,ttilsleyjr@wordpress.com,eO8+gt='&N8Z
65a26c8465979d6444c41390,713,Egon,Trosdall,etrosdalljs,etrosdalljs@biblegateway.com,jE0`E\h%T
65a26c8465979d6444c41391,714,Uriah,Roofe,uroofejt,uroofejt@jugem.jp,aF1)Pwi=*d#
65a26c8465979d6444c41392,715,Merrielle,Kenealy,mkenealyju,mkenealyju@netscape.com,kV4$xzk@`SZ
65a26c8465979d6444c41393,716,Svend,Blakeden,sblakedenjv,sblakedenjv@mtv.com,yG4`U}u$NA+o
65a26c8465979d6444c41394,717,Sandor,Thomsen,sthomsenjw,sthomsenjw@discuz.net,tO8\L6q5SM
65a26c8465979d6444c41395,718,Maible,Kornel,mkorneljx,mkorneljx@prweb.com,xB5{\Bke=
65a26c8465979d6444c41396,719,Paulita,Taylour,ptaylourjy,ptaylourjy@vkontakte.ru,hI0?Mrs7dmc_
65a26c8465979d6444c41397,720,Pooh,Fender,pfenderjz,pfenderjz@twitter.com,nT0&s?|uvQ
65a26c8465979d6444c41398,721,Kaspar,Bonick,kbonickk0,kbonickk0@stumbleupon.com,lL9<(wYSL
65a26c8465979d6444c41399,722,Vonni,Prantl,vprantlk1,vprantlk1@cdbaby.com,iJ9<`fGmbjUa6
65a26c8465979d6444c4139a,723,Traver,Zannetti,tzannettik2,tzannettik2@w3.org,qY8/|{=yz2_r
65a26c8465979d6444c4139b,724,Dieter,Kettel,dkettelk3,dkettelk3@foxnews.com,bQ8\>4@H<
65a26c8465979d6444c4139c,725,Rosette,Morgen,rmorgenk4,rmorgenk4@fda.gov,nF4`&25$05rod%e
65a26c8465979d6444c4139d,726,Ilysa,Onn,ionnk5,ionnk5@storify.com,rK3`u)F2S~Ft#
65a26c8465979d6444c4139e,727,Ardyth,Barrie,abarriek6,abarriek6@instagram.com,rQ3?T}$U7ldII{j
65a26c8465979d6444c4139f,728,Simone,Boshers,sboshersk7,sboshersk7@so-net.ne.jp,"zN1'q7lS4_|!H+h,"
65a26c8465979d6444c413a0,729,Marlon,Pitkin,mpitkink8,mpitkink8@bloglovin.com,vJ3<|4Y.~'.
65a26c8465979d6444c413a1,730,Ed,Batistelli,ebatistellik9,ebatistellik9@shareasale.com,"eE8|f${,M|1Dx"
65a26c8465979d6444c413a2,731,Sheppard,Cranstoun,scranstounka,scranstounka@youtube.com,"fE1=J_t\2kJ"""
65a26c8465979d6444c413a3,732,Alexandra,Isitt,aisittkb,aisittkb@earthlink.net,cB0/NXP#
65a26c8465979d6444c413a4,733,Hersch,Drewett,hdrewettkc,hdrewettkc@wikimedia.org,lR7~vy#D*AyTlZI
65a26c8465979d6444c413a5,734,James,Arnao,jarnaokd,jarnaokd@icq.com,yQ9*PN%qQvVh!
65a26c8465979d6444c413a6,735,Leanna,Clayton,lclaytonke,lclaytonke@loc.gov,wC6/L#qorf/7%K
65a26c8465979d6444c413a7,736,Gilburt,Bayfield,gbayfieldkf,gbayfieldkf@fda.gov,xW5'&7Sz
65a26c8465979d6444c413a8,737,Kandace,Palatini,kpalatinikg,kpalatinikg@wiley.com,"lX2~1,.""Wl"
65a26c8465979d6444c413a9,738,James,Raecroft,jraecroftkh,jraecroftkh@booking.com,"oB5""itFMJ"
65a26c8465979d6444c413aa,739,Kelvin,Tingcomb,ktingcombki,ktingcombki@ask.com,nT9?MBZK#XeV
65a26c8465979d6444c413ab,740,Nadya,Davidzon,ndavidzonkj,ndavidzonkj@vistaprint.com,"eA0}.nat""!%*"
65a26c8465979d6444c413ac,741,Itch,Goodbody,igoodbodykk,igoodbodykk@google.com.au,vE2(I%ys8
65a26c8465979d6444c413ad,742,Durante,Lummus,dlummuskl,dlummuskl@bbc.co.uk,jO3'wm`kPXw
65a26c8465979d6444c413ae,743,Cordelie,Kitchiner,ckitchinerkm,ckitchinerkm@ifeng.com,oJ1@ETFY
65a26c8465979d6444c413af,744,Benedetta,Tolliday,btollidaykn,btollidaykn@hostgator.com,uF5+8xYBM
65a26c8465979d6444c413b0,745,Barry,Humbey,bhumbeyko,bhumbeyko@instagram.com,pV9=IF><g2G(s
65a26c8465979d6444c413b1,746,Flss,McConville,fmcconvillekp,fmcconvillekp@imgur.com,yN6}MJiZX
65a26c8465979d6444c413b2,747,Madelina,Airy,mairykq,mairykq@ycombinator.com,vN6%2JxF~0J2V9U'
65a26c8465979d6444c413b3,748,Trudy,Thebes,tthebeskr,tthebeskr@wikimedia.org,uQ5$y~@Op?
65a26c8465979d6444c413b4,749,Sigismundo,Todari,stodariks,stodariks@virginia.edu,"xD2"".|dxhy(tsH&"
65a26c8465979d6444c413b5,750,Ava,Cowlard,acowlardkt,acowlardkt@usda.gov,dL0{eNMuZ_o
65a26c8465979d6444c413b6,751,Keith,Spray,ksprayku,ksprayku@bravesites.com,rW2!AScXF
65a26c8465979d6444c413b7,752,Tomas,Durdy,tdurdykv,tdurdykv@java.com,eB8+/T9\XjFxTr\1
65a26c8465979d6444c413b8,753,Lilly,O'Cahey,locaheykw,locaheykw@phpbb.com,lL3<NCgbsayqb\
65a26c8465979d6444c413b9,754,Theo,Danilovich,tdanilovichkx,tdanilovichkx@about.com,fW9/u_k?t&9!=ygd
65a26c8465979d6444c413ba,755,Marcelle,Rehn,mrehnky,mrehnky@ehow.com,pJ1`LF+)7_oN
65a26c8465979d6444c413bb,756,Shandra,Werendell,swerendellkz,swerendellkz@ox.ac.uk,cN1~RWUk|
65a26c8465979d6444c413bc,757,Orelia,Trussell,otrusselll0,otrusselll0@diigo.com,pJ2@+dz=s
65a26c8465979d6444c413bd,758,Bruce,Freeburn,bfreeburnl1,bfreeburnl1@360.cn,xX9'@)CJMyRoMe
65a26c8465979d6444c413be,759,Ban,Cordero,bcorderol2,bcorderol2@reuters.com,nU5$2UjX}I
65a26c8465979d6444c413bf,760,Deb,Pregel,dpregell3,dpregell3@elpais.com,sK2#3)Ja#Ggeje
65a26c8465979d6444c413c0,761,Isabeau,Bordessa,ibordessal4,ibordessal4@discovery.com,gY1|#ns?iQGt{Qg
65a26c8465979d6444c413c1,762,Virginia,Gooday,vgoodayl5,vgoodayl5@jigsy.com,qU3`xQ+R&0aJl2DE
65a26c8465979d6444c413c2,763,Horace,Laurand,hlaurandl6,hlaurandl6@aboutads.info,sD0)2)v%3OmG9qD5
65a26c8465979d6444c413c3,764,Belle,Hinckesman,bhinckesmanl7,bhinckesmanl7@paypal.com,uB0)2r`srzyL
65a26c8465979d6444c413c4,765,Kacie,Yell,kyelll8,kyelll8@berkeley.edu,fK0*G$5MrB(
65a26c8465979d6444c413c5,766,Ange,Tackley,atackleyl9,atackleyl9@java.com,kB9.b8hEkd|WQ
65a26c8465979d6444c413c6,767,Kippie,Lukasik,klukasikla,klukasikla@pinterest.com,zN3#A1uUG/N|Dip>
65a26c8465979d6444c413c7,768,Darren,Birney,dbirneylb,dbirneylb@php.net,rQ5\+#(wMFZR
65a26c8465979d6444c413c8,769,Valina,Laxe,vlaxelc,vlaxelc@tiny.cc,tX2#TY$!#5Q
65a26c8465979d6444c413c9,770,Fredi,Wethered,fwetheredld,fwetheredld@mlb.com,"xU1+.c.8,2d"
65a26c8465979d6444c413ca,771,Lizzy,Tiplady,ltipladyle,ltipladyle@mozilla.org,sM2/fwIwdb~LH
65a26c8465979d6444c413cb,772,Dicky,Mongenot,dmongenotlf,dmongenotlf@devhub.com,hD2>O7p#SNcw/!R(
65a26c8465979d6444c413cc,773,Hallie,Pankettman,hpankettmanlg,hpankettmanlg@mlb.com,kE3!Dyl'p+
65a26c8465979d6444c413cd,774,Zerk,Puvia,zpuvialh,zpuvialh@pen.io,"jI3+$_""/"
65a26c8465979d6444c413ce,775,Pammi,Timoney,ptimoneyli,ptimoneyli@prweb.com,iS2'|19o
65a26c8465979d6444c413cf,776,Malvin,Ferronet,mferronetlj,mferronetlj@scientificamerican.com,wI6.ViYVv
65a26c8465979d6444c413d0,777,Clo,Micallef,cmicalleflk,cmicalleflk@twitpic.com,mA4'Vq6N}
65a26c8465979d6444c413d1,778,Melanie,St Angel,mstangelll,mstangelll@yellowpages.com,"zP3,l$!2T2g,"
65a26c8465979d6444c413d2,779,Melisa,Zahor,mzahorlm,mzahorlm@nps.gov,uZ7%6ac*8vSA
65a26c8465979d6444c413d3,780,Nani,Fosh,nfoshln,nfoshln@gravatar.com,sF4<\8<B
65a26c8465979d6444c413d4,781,Gwenore,Jaquemar,gjaquemarlo,gjaquemarlo@yellowbook.com,nN9$Pj@O{=N|do\
65a26c8465979d6444c413d5,782,Cristal,De Bruyn,cdebruynlp,cdebruynlp@domainmarket.com,eX1%|$m2k
65a26c8465979d6444c413d6,783,Geoffry,Frays,gfrayslq,gfrayslq@dailymotion.com,xQ2#Nc%!0f@Wh/M%
65a26c8465979d6444c413d7,784,Phylys,Rannald,prannaldlr,prannaldlr@linkedin.com,"xN4~Qc1,0"
65a26c8465979d6444c413d8,785,Camel,Ruecastle,cruecastlels,cruecastlels@google.com.br,oT4/'V)h5Vqfh7h
65a26c8465979d6444c413d9,786,Grete,Hammill,ghammilllt,ghammilllt@hugedomains.com,oP3!@onuG{yD!)
65a26c8465979d6444c413da,787,Delmer,Remmer,dremmerlu,dremmerlu@ibm.com,mV2|J.OQ
65a26c8465979d6444c413db,788,Philippe,Korpolak,pkorpolaklv,pkorpolaklv@hud.gov,sP4}e4mj~/GmB+
65a26c8465979d6444c413dc,789,Magdalena,Hegel,mhegellw,mhegellw@state.tx.us,"cA0`!nX|,|<"
65a26c8465979d6444c413dd,790,Borden,Skarin,bskarinlx,bskarinlx@cargocollective.com,oC3=Zph9kH
65a26c8465979d6444c413de,791,Valentijn,Lusher,vlusherly,vlusherly@addthis.com,lK2|v)O{&kY
65a26c8465979d6444c413df,792,Yurik,Yele,yyelelz,yyelelz@studiopress.com,eM6+L$mK
65a26c8465979d6444c413e0,793,Godfree,Johnke,gjohnkem0,gjohnkem0@discuz.net,yW1|b{E<X
65a26c8465979d6444c413e1,794,Georgeanna,Speller,gspellerm1,gspellerm1@slate.com,jP4/g/0|v\O@x+
65a26c8465979d6444c413e2,795,Merlina,Corkill,mcorkillm2,mcorkillm2@istockphoto.com,eT4`Jw+OMKoiY\
65a26c8465979d6444c413e3,796,Cletus,Tewkesberrie,ctewkesberriem3,ctewkesberriem3@tamu.edu,"lE1&?m,REI5b"
65a26c8465979d6444c413e4,797,Uriah,Syer,usyerm4,usyerm4@nationalgeographic.com,qI7!q?T?TbOvd
65a26c8465979d6444c413e5,798,Cindra,Barroux,cbarrouxm5,cbarrouxm5@ftc.gov,dX1}r3+/_!
65a26c8465979d6444c413e6,799,Anselm,Coghlin,acoghlinm6,acoghlinm6@usa.gov,kZ4~ovIC||1\ytd
65a26c8465979d6444c413e7,800,Raynell,Heindle,rheindlem7,rheindlem7@simplemachines.org,bY5_E6bD}R(di~3
65a26c8465979d6444c413e8,801,Konstantine,Treweek,ktreweekm8,ktreweekm8@ted.com,uQ7(H>=RF#C~Se
65a26c8465979d6444c413e9,802,Loretta,Grissett,lgrissettm9,lgrissettm9@com.com,kZ4/HdPJ'z3_r
65a26c8465979d6444c413ea,803,Carlee,Pogue,cpoguema,cpoguema@hc360.com,jH6'2LmT`c'2y>
65a26c8465979d6444c413eb,804,Ernesta,Stidston,estidstonmb,estidstonmb@cpanel.net,"fT6!1v""\SKL"""
65a26c8465979d6444c413ec,805,Tiebout,Dunstall,tdunstallmc,tdunstallmc@g.co,cV6/C*)T/
65a26c8465979d6444c413ed,806,Marleen,Castellani,mcastellanimd,mcastellanimd@imgur.com,vQ9@qb4#6C>8
65a26c8465979d6444c413ee,807,Prent,Clausewitz,pclausewitzme,pclausewitzme@google.it,gH6(S%$F*IGn
65a26c8465979d6444c413ef,808,Ollie,Licari,olicarimf,olicarimf@jigsy.com,"vT7}>'49,5f`D6w"
65a26c8465979d6444c413f0,809,Gene,Brummell,gbrummellmg,gbrummellmg@psu.edu,bC6$!2zQQKkOEjd*
65a26c8465979d6444c413f1,810,Karoly,Gartin,kgartinmh,kgartinmh@jiathis.com,"bP6$SC4,("
65a26c8465979d6444c413f2,811,Georgine,Crippell,gcrippellmi,gcrippellmi@bbc.co.uk,jZ0`bk6LZ${U_r/
65a26c8465979d6444c413f3,812,Halsy,Rizzolo,hrizzolomj,hrizzolomj@bandcamp.com,hX6$Id0/
65a26c8465979d6444c413f4,813,Tulley,Germann,tgermannmk,tgermannmk@foxnews.com,"yY7.O&{P""M""@S}gi"
65a26c8465979d6444c413f5,814,Candice,Ellson,cellsonml,cellsonml@about.me,iG2|Q$$9.=t
65a26c8465979d6444c413f6,815,Joceline,Blunt,jbluntmm,jbluntmm@elegantthemes.com,"qA2,)x.4QVZHt"
65a26c8465979d6444c413f7,816,Nadeen,Ciotto,nciottomn,nciottomn@cbslocal.com,"yE8!7{(E'Lma<,$'"
65a26c8465979d6444c413f8,817,Torrence,Vann,tvannmo,tvannmo@tripod.com,dT8*(o'3q/Qz.
65a26c8465979d6444c413f9,818,Linette,Wright,lwrightmp,lwrightmp@mail.ru,aF2@bG0Q`WFid
65a26c8465979d6444c413fa,819,Judie,Barbe,jbarbemq,jbarbemq@goodreads.com,kE0_lD{!~V>lgIy
65a26c8465979d6444c413fb,820,Odessa,O'Crevy,oocrevymr,oocrevymr@linkedin.com,dW9_IgwOU~n4z6D
65a26c8465979d6444c413fc,821,Genna,Scotchmer,gscotchmerms,gscotchmerms@cnet.com,"xH6>O}t)C),KU+"
65a26c8465979d6444c413fd,822,Marietta,Hunter,mhuntermt,mhuntermt@ycombinator.com,tL7<nm!pX
65a26c8465979d6444c413fe,823,Kariotta,Midlar,kmidlarmu,kmidlarmu@ibm.com,"sB5~B}Kn~Nv"""
65a26c8465979d6444c413ff,824,Kaycee,Lashmar,klashmarmv,klashmarmv@exblog.jp,"xT1""4{qt1!""pA"
65a26c8465979d6444c41400,825,Niels,Summergill,nsummergillmw,nsummergillmw@mlb.com,"xA0)T""$e5vOJDW9"
65a26c8465979d6444c41401,826,Jeanie,Harrower,jharrowermx,jharrowermx@ibm.com,"uB1$,Dy,ERKdlx"
65a26c8465979d6444c41402,827,Hartwell,Douberday,hdouberdaymy,hdouberdaymy@fotki.com,fD2_h5.|(_%
65a26c8465979d6444c41403,828,Elwira,Kubu,ekubumz,ekubumz@macromedia.com,nF0!=%7I3@*
65a26c8465979d6444c41404,829,Regen,Westcott,rwestcottn0,rwestcottn0@cargocollective.com,"wW4{A""&?sc"
65a26c8465979d6444c41405,830,Almeda,Roggerone,aroggeronen1,aroggeronen1@cpanel.net,sL8)RW>s3._tcP
65a26c8465979d6444c41406,831,June,Byres,jbyresn2,jbyresn2@shareasale.com,zF2&1lts0&gE$LRt
65a26c8465979d6444c41407,832,Ardath,Goldine,agoldinen3,agoldinen3@imdb.com,qY2$tF3(
65a26c8465979d6444c41408,833,Moira,Guislin,mguislinn4,mguislinn4@army.mil,"tP6},.7#NkxAdY~"
65a26c8465979d6444c41409,834,Shina,Jezzard,sjezzardn5,sjezzardn5@t.co,rT9=IGe./{UtTEfG
65a26c8465979d6444c4140a,835,Jervis,Scrauniage,jscrauniagen6,jscrauniagen6@state.gov,lJ8+Z8%)'o
65a26c8465979d6444c4140b,836,Pavlov,Kolyagin,pkolyaginn7,pkolyaginn7@slate.com,yB6_>T7O+Nw}60h
65a26c8465979d6444c4140c,837,Vaclav,Kaming,vkamingn8,vkamingn8@usda.gov,zL7.ZWpO\{Q?//
65a26c8465979d6444c4140d,838,Marilee,Maroney,mmaroneyn9,mmaroneyn9@umn.edu,"kS8,Xj!s/FP<iwS"
65a26c8465979d6444c4140e,839,Gavin,Lamerton,glamertonna,glamertonna@engadget.com,"qX2~<x@#,x5K4?in"
65a26c8465979d6444c4140f,840,Nikolas,Emanuelov,nemanuelovnb,nemanuelovnb@a8.net,"cJ0,YQwnH#1"
65a26c8465979d6444c41410,841,Bendick,Rolland,brollandnc,brollandnc@studiopress.com,fG3\LFaOdG
65a26c8465979d6444c41411,842,Kendrick,McGavin,kmcgavinnd,kmcgavinnd@jalbum.net,yD1=YBdXnH
65a26c8465979d6444c41412,843,Chucho,Finnie,cfinniene,cfinniene@home.pl,xT1~j>sJ?rom@fW
65a26c8465979d6444c41413,844,Wyatan,Brough,wbroughnf,wbroughnf@blogs.com,zU3.z{rr=>CC.
65a26c8465979d6444c41414,845,Si,Luca,slucang,slucang@virginia.edu,qF0{>jJT{q+'kWz
65a26c8465979d6444c41415,846,Clemente,Stichall,cstichallnh,cstichallnh@cyberchimps.com,qN8.r_<CG+U0afXs
65a26c8465979d6444c41416,847,Farica,Coppins,fcoppinsni,fcoppinsni@spotify.com,nV4/QjM~e
65a26c8465979d6444c41417,848,Kare,Moorwood,kmoorwoodnj,kmoorwoodnj@theguardian.com,pJ1<}D}RuXW
65a26c8465979d6444c41418,849,Kellby,Litherland,klitherlandnk,klitherlandnk@stumbleupon.com,hD2~zknX
65a26c8465979d6444c41419,850,Tobiah,Pencot,tpencotnl,tpencotnl@istockphoto.com,eH1?qPiR%9!WT
65a26c8465979d6444c4141a,851,Lukas,Paulisch,lpaulischnm,lpaulischnm@homestead.com,hY1>7jcSaY$VnDj
65a26c8465979d6444c4141b,852,Archambault,Balam,abalamnn,abalamnn@de.vu,jD4.sGH_(ah'u
65a26c8465979d6444c4141c,853,Margaretha,Aidler,maidlerno,maidlerno@sina.com.cn,cZ7&e27By!Zh!
65a26c8465979d6444c4141d,854,Philipa,Saket,psaketnp,psaketnp@squarespace.com,"aR3$'D4A}Ru6,"
65a26c8465979d6444c4141e,855,Donovan,Fisby,dfisbynq,dfisbynq@cnbc.com,cM9~UUGXUdd@
65a26c8465979d6444c4141f,856,Luz,Snodden,lsnoddennr,lsnoddennr@pagesperso-orange.fr,aW4&/&b%T#
65a26c8465979d6444c41420,857,Pedro,Gras,pgrasns,pgrasns@shutterfly.com,jN5(\5>h$hg
65a26c8465979d6444c41421,858,Gram,Natte,gnattent,gnattent@dot.gov,lJ2>%YJ=
65a26c8465979d6444c41422,859,Ricki,Valadez,rvaladeznu,rvaladeznu@51.la,"xE0{<7r,6Jmpu"
65a26c8465979d6444c41423,860,Dasi,McGuinley,dmcguinleynv,dmcguinleynv@cnbc.com,cO7_y($/Q>gt
65a26c8465979d6444c41424,861,Sharron,Imloch,simlochnw,simlochnw@goo.ne.jp,nK4?.A}qo
65a26c8465979d6444c41425,862,Turner,Plom,tplomnx,tplomnx@edublogs.org,pE9~5DC3Wp'(@
65a26c8465979d6444c41426,863,Jessie,Cockings,jcockingsny,jcockingsny@yale.edu,"eU8%vx""Ts&Ez"
65a26c8465979d6444c41427,864,Shoshana,Bedo,sbedonz,sbedonz@senate.gov,"iL9""=Wf_"
65a26c8465979d6444c41428,865,Anne,De Freyne,adefreyneo0,adefreyneo0@networksolutions.com,iL1@z!>dAbg+p1
65a26c8465979d6444c41429,866,Lilli,Isgar,lisgaro1,lisgaro1@hc360.com,wS2>x5#f
65a26c8465979d6444c4142a,867,Rowena,Beardsley,rbeardsleyo2,rbeardsleyo2@sciencedirect.com,vN0$U4V<_(BGZ
65a26c8465979d6444c4142b,868,Gavin,Castanares,gcastanareso3,gcastanareso3@sakura.ne.jp,dB5@9J3XKXa
65a26c8465979d6444c4142c,869,Ingra,Arrault,iarraulto4,iarraulto4@adobe.com,bI1#1~a1XIN(Tg&U
65a26c8465979d6444c4142d,870,Gloria,McGilroy,gmcgilroyo5,gmcgilroyo5@hatena.ne.jp,jB0*%l6()Xigk(
65a26c8465979d6444c4142e,871,Hilario,Hinsch,hhinscho6,hhinscho6@w3.org,"vX6|tdRE6)Wn,"
65a26c8465979d6444c4142f,872,Gordie,Sanday,gsandayo7,gsandayo7@live.com,yE5_$_JPA
65a26c8465979d6444c41430,873,Arv,Pady,apadyo8,apadyo8@instagram.com,bC1\%p1tA_
65a26c8465979d6444c41431,874,Rogerio,Odd,roddo9,roddo9@virginia.edu,pB4=9ftEsO9
65a26c8465979d6444c41432,875,Delmore,Ridder,dridderoa,dridderoa@virginia.edu,"xS3?gl3C~34f|K"""
65a26c8465979d6444c41433,876,Staffard,Ainger,saingerob,saingerob@mashable.com,vW0.V=g_<(8
65a26c8465979d6444c41434,877,Noella,Curedale,ncuredaleoc,ncuredaleoc@yellowbook.com,zM0~fK3>uP}
65a26c8465979d6444c41435,878,Theresita,Ganiford,tganifordod,tganifordod@hugedomains.com,jX6@g?%H${$tiu
65a26c8465979d6444c41436,879,Ivonne,Klewer,ikleweroe,ikleweroe@google.de,"tR8=WO""XH<l"
65a26c8465979d6444c41437,880,Linc,Cattach,lcattachof,lcattachof@yahoo.com,vL2\x3fj
65a26c8465979d6444c41438,881,Sabine,Wildbore,swildboreog,swildboreog@noaa.gov,oH3|0qkcE<(
65a26c8465979d6444c41439,882,Boonie,Obern,bobernoh,bobernoh@microsoft.com,eW5/Y1+gq
65a26c8465979d6444c4143a,883,Morry,Simkin,msimkinoi,msimkinoi@google.com,vD2/Z/e_6u!
65a26c8465979d6444c4143b,884,Natalya,Wainman,nwainmanoj,nwainmanoj@netvibes.com,tC6{iypJ.=+
65a26c8465979d6444c4143c,885,Danella,Durber,ddurberok,ddurberok@cloudflare.com,yE7<HHCEINYpJQG
65a26c8465979d6444c4143d,886,Else,Knowlden,eknowldenol,eknowldenol@howstuffworks.com,gG2\wiDM(DeI(b
65a26c8465979d6444c4143e,887,Margot,Levee,mleveeom,mleveeom@list-manage.com,jP9<l~|GC.
65a26c8465979d6444c4143f,888,Farah,Imlaw,fimlawon,fimlawon@nbcnews.com,"kU7*\F(,|MkV$8O"
65a26c8465979d6444c41440,889,Traver,Fookes,tfookesoo,tfookesoo@uiuc.edu,vX9\H\=)GjY!
65a26c8465979d6444c41441,890,Dara,Elfitt,delfittop,delfittop@upenn.edu,rA8_Ts&{HzB>
65a26c8465979d6444c41442,891,Valerie,Staniforth,vstaniforthoq,vstaniforthoq@fastcompany.com,bM4~P0dx\
65a26c8465979d6444c41443,892,Madelena,Truesdale,mtruesdaleor,mtruesdaleor@issuu.com,eQ9//)!24Zj88o.
65a26c8465979d6444c41444,893,Barbaraanne,Klimkowski,bklimkowskios,bklimkowskios@jugem.jp,wX7?_tSjpF!<T|8k
65a26c8465979d6444c41445,894,Polly,Eykel,peykelot,peykelot@google.de,jJ6|Ym)uoxTT}0\
65a26c8465979d6444c41446,895,Cullen,Tripe,ctripeou,ctripeou@amazonaws.com,"zN6""KE~+?Sc"
65a26c8465979d6444c41447,896,Sylvia,Cowdrey,scowdreyov,scowdreyov@narod.ru,dO7/ul\?.
65a26c8465979d6444c41448,897,Casie,Casterton,ccastertonow,ccastertonow@blogs.com,fH1+7eA9!kA
65a26c8465979d6444c41449,898,Felicdad,Caramuscia,fcaramusciaox,fcaramusciaox@usnews.com,vK3`ZZNv{dY
65a26c8465979d6444c4144a,899,Gavin,Bearcroft,gbearcroftoy,gbearcroftoy@fotki.com,"hT7,(X48VY.FQD`"
65a26c8465979d6444c4144b,900,Jinny,Mattiassi,jmattiassioz,jmattiassioz@foxnews.com,fT4>NCeSv3t&}
65a26c8465979d6444c4144c,901,Hammad,Grisdale,hgrisdalep0,hgrisdalep0@yellowpages.com,nO2.k3tVUcywuUJ1
65a26c8465979d6444c4144d,902,Fritz,Magson,fmagsonp1,fmagsonp1@xinhuanet.com,mQ0{Ah0_a
65a26c8465979d6444c4144e,903,Isadore,Duny,idunyp2,idunyp2@people.com.cn,gY5@NFlQN2cl*!b
65a26c8465979d6444c4144f,904,Chic,Truggian,ctruggianp3,ctruggianp3@cdbaby.com,xX3*3Qw}E
65a26c8465979d6444c41450,905,Felicio,Pounds,fpoundsp4,fpoundsp4@g.co,wF1.=1/g2GG%
65a26c8465979d6444c41451,906,Robby,Nucciotti,rnucciottip5,rnucciottip5@illinois.edu,dU8=D2k{wJ7k
65a26c8465979d6444c41452,907,Francoise,Kahen,fkahenp6,fkahenp6@icio.us,zO4?j_ih0
65a26c8465979d6444c41453,908,Renelle,Castelijn,rcastelijnp7,rcastelijnp7@mozilla.org,lL1%RN(F&Gnk_Hp*
65a26c8465979d6444c41454,909,Adrea,Haulkham,ahaulkhamp8,ahaulkhamp8@alibaba.com,iO8)5M@2*vOPu
65a26c8465979d6444c41455,910,Merrili,Aird,mairdp9,mairdp9@webeden.co.uk,nA4}g#.<39~
65a26c8465979d6444c41456,911,Ilyssa,Tolwood,itolwoodpa,itolwoodpa@nytimes.com,mS5$)kGLhA!
65a26c8465979d6444c41457,912,Karim,Maling,kmalingpb,kmalingpb@wikimedia.org,xW8~ZG)f9
65a26c8465979d6444c41458,913,Lincoln,Mashro,lmashropc,lmashropc@businessinsider.com,hO8>4c5_}qh&
65a26c8465979d6444c41459,914,Sean,Durban,sdurbanpd,sdurbanpd@google.es,qS9+E\B5YXG/azw
65a26c8465979d6444c4145a,915,Ulla,Martynov,umartynovpe,umartynovpe@phpbb.com,"aS2#eizX<"""
65a26c8465979d6444c4145b,916,Aristotle,Jaggers,ajaggerspf,ajaggerspf@a8.net,nC5(.8v4OG
65a26c8465979d6444c4145c,917,Cornell,Playdon,cplaydonpg,cplaydonpg@facebook.com,wS3($\!zrUFN@2`
65a26c8465979d6444c4145d,918,Moishe,O'Hickey,mohickeyph,mohickeyph@harvard.edu,sN7.`6n#0
65a26c8465979d6444c4145e,919,Gusti,Thorowgood,gthorowgoodpi,gthorowgoodpi@ox.ac.uk,wK9_I`a*V$cL
65a26c8465979d6444c4145f,920,Delcina,Lackington,dlackingtonpj,dlackingtonpj@home.pl,mK0+6&a}
65a26c8465979d6444c41460,921,Hatti,de Verson,hdeversonpk,hdeversonpk@arizona.edu,yL9+T6E0`&Zl
65a26c8465979d6444c41461,922,Andreana,Varvara,avarvarapl,avarvarapl@moonfruit.com,mG4`YO02z
65a26c8465979d6444c41462,923,Willi,Baldam,wbaldampm,wbaldampm@vinaora.com,gG2(Bq5r
65a26c8465979d6444c41463,924,Burgess,Prue,bpruepn,bpruepn@aboutads.info,"uC9*UB<|,rHc<"
65a26c8465979d6444c41464,925,Field,de Bullion,fdebullionpo,fdebullionpo@arstechnica.com,jV7`/2#k8)UX1c
65a26c8465979d6444c41465,926,Tabby,Batterson,tbattersonpp,tbattersonpp@sakura.ne.jp,uH7~Ex..ILG@
65a26c8465979d6444c41466,927,Aguie,Hourston,ahourstonpq,ahourstonpq@bravesites.com,jA2.ru$*V@)o
65a26c8465979d6444c41467,928,Derril,Lievesley,dlievesleypr,dlievesleypr@histats.com,sP9'5AqqQ*
65a26c8465979d6444c41468,929,Percy,Ilbert,pilbertps,pilbertps@creativecommons.org,"jF6$Yxs""B0@~,0J"
65a26c8465979d6444c41469,930,Kiah,D'Emanuele,kdemanuelept,kdemanuelept@forbes.com,pX3*LDYp
65a26c8465979d6444c4146a,931,Netti,Pearton,npeartonpu,npeartonpu@sphinn.com,bZ1!+VlJZ)8
65a26c8465979d6444c4146b,932,Aleksandr,Hunt,ahuntpv,ahuntpv@arstechnica.com,qY3}||9{9
65a26c8465979d6444c4146c,933,Corella,Micklewicz,cmicklewiczpw,cmicklewiczpw@discuz.net,gX8.l03ya<7n
65a26c8465979d6444c4146d,934,Elaina,Barringer,ebarringerpx,ebarringerpx@merriam-webster.com,"aB0_""al@/edy6m"
65a26c8465979d6444c4146e,935,Harriet,How,hhowpy,hhowpy@hubpages.com,qZ9&J+L8
65a26c8465979d6444c4146f,936,Trefor,Bootman,tbootmanpz,tbootmanpz@washington.edu,"cA1=y,ait"
65a26c8465979d6444c41470,937,Ellswerth,Dudley,edudleyq0,edudleyq0@odnoklassniki.ru,nX1+\HSyUhu$=`
65a26c8465979d6444c41471,938,Bessy,Bittleson,bbittlesonq1,bbittlesonq1@php.net,nX5<)w3SeuDYH
65a26c8465979d6444c41472,939,Em,Whipple,ewhippleq2,ewhippleq2@odnoklassniki.ru,rK2!.|fQ*V9K
65a26c8465979d6444c41473,940,Faina,Knightsbridge,fknightsbridgeq3,fknightsbridgeq3@t-online.de,uE3?I0Q|HrwY
65a26c8465979d6444c41474,941,Pamella,Horlick,phorlickq4,phorlickq4@biglobe.ne.jp,"vX1""$s!NjX"
65a26c8465979d6444c41475,942,Kylynn,McArthur,kmcarthurq5,kmcarthurq5@wordpress.com,hD9(z0<6
65a26c8465979d6444c41476,943,Elysia,Rymer,erymerq6,erymerq6@census.gov,dT0?!7*72G~/
65a26c8465979d6444c41477,944,Piotr,Kynder,pkynderq7,pkynderq7@addtoany.com,oA3}grz&?G2a&
65a26c8465979d6444c41478,945,Brian,Moulder,bmoulderq8,bmoulderq8@usatoday.com,"xJ3!j,{lcD(*t.9I"
65a26c8465979d6444c41479,946,Keenan,Pilling,kpillingq9,kpillingq9@blogger.com,kY5>yU+~Ih\
65a26c8465979d6444c4147a,947,Felice,Becker,fbeckerqa,fbeckerqa@xing.com,qD5%DN&KKm`1
65a26c8465979d6444c4147b,948,Blondell,Nicholes,bnicholesqb,bnicholesqb@devhub.com,tL7?z0s%F*M}@
65a26c8465979d6444c4147c,949,Tallie,Fernandes,tfernandesqc,tfernandesqc@xinhuanet.com,aF4)I1a#V
65a26c8465979d6444c4147d,950,Lay,Mc Pake,lmcpakeqd,lmcpakeqd@joomla.org,bO0)EW0Uj
65a26c8465979d6444c4147e,951,Darwin,Rumbellow,drumbellowqe,drumbellowqe@princeton.edu,fF5#0(l3Os0Zw~0
65a26c8465979d6444c4147f,952,Shandeigh,Yateman,syatemanqf,syatemanqf@netvibes.com,"rA3""M=?G@?*LSY"
65a26c8465979d6444c41480,953,Stearn,Soro,ssoroqg,ssoroqg@lycos.com,kM4=q+r`hMxp*
65a26c8465979d6444c41481,954,Cristobal,Ashpole,cashpoleqh,cashpoleqh@newyorker.com,gO8=*<zs5'
65a26c8465979d6444c41482,955,Jacquenetta,Lexa,jlexaqi,jlexaqi@ebay.co.uk,qV2%uf\d'<
65a26c8465979d6444c41483,956,Roscoe,Defries,rdefriesqj,rdefriesqj@tinyurl.com,qY1!d?m9M
65a26c8465979d6444c41484,957,Chalmers,Pilmoor,cpilmoorqk,cpilmoorqk@unesco.org,wG2=.kBgV/~Dk
65a26c8465979d6444c41485,958,Doll,Gostage,dgostageql,dgostageql@ezinearticles.com,mH6~}hh*K_GPE7kX
65a26c8465979d6444c41486,959,Carmina,Dunsford,cdunsfordqm,cdunsfordqm@opera.com,lR3\>cvYo.4oVsm<
65a26c8465979d6444c41487,960,Francis,Strattan,fstrattanqn,fstrattanqn@jimdo.com,hU6?wCSr?lHE=kE
65a26c8465979d6444c41488,961,Binnie,Gabrieli,bgabrieliqo,bgabrieliqo@weibo.com,rU4`.=C*
65a26c8465979d6444c41489,962,Deane,Nannetti,dnannettiqp,dnannettiqp@unicef.org,"wS2+DTL2|I*,WoN"
65a26c8465979d6444c4148a,963,Elizabet,Barizeret,ebarizeretqq,ebarizeretqq@miibeian.gov.cn,"hF3.%nXUq~L"""
65a26c8465979d6444c4148b,964,Patsy,Brand,pbrandqr,pbrandqr@opera.com,uJ8+0<$CNXecT/
65a26c8465979d6444c4148c,965,Raymund,Reeme,rreemeqs,rreemeqs@cpanel.net,vK2~e\<eKc
65a26c8465979d6444c4148d,966,Vanya,Dudny,vdudnyqt,vdudnyqt@naver.com,"cI2+""fd#ayvg"
65a26c8465979d6444c4148e,967,Netta,Munns,nmunnsqu,nmunnsqu@youtube.com,lU2|4oSJW
65a26c8465979d6444c4148f,968,Dre,Forson,dforsonqv,dforsonqv@devhub.com,xQ6%H2{=T
65a26c8465979d6444c41490,969,Fayina,Megarry,fmegarryqw,fmegarryqw@vkontakte.ru,wQ9~4TQ@&VN~
65a26c8465979d6444c41491,970,Dalt,Richardes,drichardesqx,drichardesqx@disqus.com,vA4*{ZU`w*BAA
65a26c8465979d6444c41492,971,Dennie,Kiddy,dkiddyqy,dkiddyqy@webnode.com,sC1{7{VAK
65a26c8465979d6444c41493,972,Harwell,Loades,hloadesqz,hloadesqz@dell.com,iP0(fMiZP)+md
65a26c8465979d6444c41494,973,Yasmin,Simonds,ysimondsr0,ysimondsr0@aboutads.info,cE1<n}cPv?2wk$g
65a26c8465979d6444c41495,974,Elyse,Pittford,epittfordr1,epittfordr1@issuu.com,"aU1>D)/p}7.U,J*G"
65a26c8465979d6444c41496,975,Lizzy,Noen,lnoenr2,lnoenr2@printfriendly.com,cX2`%wtoVcQ
65a26c8465979d6444c41497,976,Ardyce,Ledington,aledingtonr3,aledingtonr3@npr.org,"mL3""O?Oh}{S|R'B"
65a26c8465979d6444c41498,977,Kalvin,Redgewell,kredgewellr4,kredgewellr4@prlog.org,kO1|Vwx00}%aQ
65a26c8465979d6444c41499,978,Angel,Colborn,acolbornr5,acolbornr5@bluehost.com,iV3@.Xg|x7bpd
65a26c8465979d6444c4149a,979,Georgeanne,Dombrell,gdombrellr6,gdombrellr6@noaa.gov,kY5=A(~PG
65a26c8465979d6444c4149b,980,Nancie,Moulin,nmoulinr7,nmoulinr7@walmart.com,sG9~A+~)`5HAA*_~
65a26c8465979d6444c4149c,981,Deena,Dyerson,ddyersonr8,ddyersonr8@bloomberg.com,uV8'|O>UDhJ4teX
65a26c8465979d6444c4149d,982,Vassili,Pieter,vpieterr9,vpieterr9@sbwire.com,vC1%Z\/.QfM7
65a26c8465979d6444c4149e,983,Annaliese,Rushmere,arushmerera,arushmerera@dmoz.org,zS0>W(|f9
65a26c8465979d6444c4149f,984,Frederique,Demonge,fdemongerb,fdemongerb@trellian.com,uM3*\L)qpwC<ugN
65a26c8465979d6444c414a0,985,Petronilla,Bixley,pbixleyrc,pbixleyrc@mediafire.com,"xG4,Y|MWVWlp"
65a26c8465979d6444c414a1,986,Teresa,Bimson,tbimsonrd,tbimsonrd@360.cn,iA3+qdN`z6b$Qoa
65a26c8465979d6444c414a2,987,Billie,Absolom,babsolomre,babsolomre@godaddy.com,iQ1?P@$i
65a26c8465979d6444c414a3,988,Francine,Romushkin,fromushkinrf,fromushkinrf@earthlink.net,jK3|s7qy0dQjsnz
65a26c8465979d6444c414a4,989,Aimil,Barnshaw,abarnshawrg,abarnshawrg@symantec.com,"aM5*""XeWg"
65a26c8465979d6444c414a5,990,Saundra,Kalaher,skalaherrh,skalaherrh@sphinn.com,lO8'<vAa`h
65a26c8465979d6444c414a6,991,Daria,Pickthorn,dpickthornri,dpickthornri@google.co.uk,"gR3""0JNZ""BCt"
65a26c8465979d6444c414a7,992,Meade,Bowle,mbowlerj,mbowlerj@edublogs.org,uK5~ja8LtK.=uqj
65a26c8465979d6444c414a8,993,Farrel,Wilderspoon,fwilderspoonrk,fwilderspoonrk@icio.us,hS5}1VSe
65a26c8465979d6444c414a9,994,Ardath,Stainbridge,astainbridgerl,astainbridgerl@businesswire.com,eN7*Hl%$6sR<
65a26c8465979d6444c414aa,995,Ninnette,Durand,ndurandrm,ndurandrm@apple.com,hX3|'WzXm
65a26c8465979d6444c414ab,996,Barret,Llewelyn,bllewelynrn,bllewelynrn@discovery.com,"fU6`,XU(hOU<Sn9\"
65a26c8465979d6444c414ac,997,Arne,Connaughton,aconnaughtonro,aconnaughtonro@tmall.com,nQ2!TSQ\dJ#0aaF
65a26c8465979d6444c414ad,998,Flore,Scotney,fscotneyrp,fscotneyrp@prlog.org,jV2?@LI$Z(
65a26c8465979d6444c414ae,999,Dalila,Mattingley,dmattingleyrq,dmattingleyrq@independent.co.uk,rM7!N'x!v
65a26c8465979d6444c414af,1000,Bidget,Gower,bgowerrr,bgowerrr@mayoclinic.com,jD0>Bv7F%#A
